Workbook

Sheet Production
A1: Production Vol. | Y1: For Analysis | Z1: 31 | AA1: 28 | AB1: 31 | AC1: 30 | AD1: 31 | AE1: 30 | AF1: 31 | AG1: 31 | AH1: 30 | AI1: 31 | AJ1: 30 | AK1: 31 | AL1: =SUM(Z1:AJ1) -> 334
B2: Company | C2: Unit | D2: Target | E2: 46023 | F2: 46054 | G2: 46082 | H2: 46113 | I2: 46143 | J2: 46174 | K2: 46204 | L2: 46235 | M2: 46266 | N2: 46296 | O2: 46327 | P2: 46357 | Q2: YTD 2026 | R2: Q1 | S2: Q2 | T2: Q3 | U2: Q4 | V2: H1 | W2: H2 | Y2: Production (Ton/day) | Z2: 46023 | AA2: 46054 | AB2: 46082 | AC2: 46113 | AD2: 46143 | AE2: 46174 | AF2: 46204 | AG2: 46235 | AH2: 46266 | AI2: 46296 | AJ2: 46327 | AK2: 46357 | AL2: =Q2 -> YTD 2026
A3: Domestic | B3: MOC | C3: ton | E3: =[1]in!$D$15 -> 235440 | F3: =[1]in!$E$15 -> 214287 | G3: =[1]in!$F$15 -> 240157 | H3: =[1]in!$H$15 -> 239150 | I3: =[1]in!$I$15 -> 0 | J3: =[1]in!$J$15 -> 0 | K3: =[1]in!$L$15 -> 0 | L3: =[1]in!$M$15 -> 0 | M3: =[1]in!$N$15 -> 0 | N3: =[1]in!$P$15 -> 0 | O3: =[1]in!$Q$15 -> 0 | P3: =[1]in!$R$15 -> 0 | Q3: =SUM(E3:P3) -> 929034 | R3: =SUM(E3:G3) -> 689884 | S3: =SUM(H3:J3) -> 239150 | T3: =SUM(K3:M3) -> 0 | U3: =SUM(N3:P3) -> 0 | V3: =SUM(E3:J3) -> 929034 | W3: =SUM(K3:P3) -> 0 | Y3: MOC | Z3: =E3/$Z$1 -> 7594.8387 | AA3: =F3/$AA$1 -> 7653.1071 | AB3: =G3/$AB$1 -> 7747 | AC3: =H3/$AC$1 -> 7971.6667 | AD3: =I3/$AD$1 -> 0 | AE3: =J3/$AE$1 -> 0 | AF3: =K3/$AF$1 -> 0 | AG3: =L3/$AG$1 -> 0 | AH3: =M3/$AH$1 -> 0 | AI3: =N3/$AI$1 -> 0 | AJ3: =O3/$AJ$1 -> 0 | AK3: =P3/$AK$1 -> 0 | AL3: =Q3/$AL$1 -> 2781.5389
B4: ROC | C4: ton | E4: =[1]in!$D$16 -> 159180.34 | F4: =[1]in!$E$16 -> 145266.85 | G4: =[1]in!$F$16 -> 54076.84 | H4: =[1]in!$H$16 -> 6132.719 | I4: =[1]in!$I$16 -> 0 | J4: =[1]in!$J$16 -> 0 | K4: =[1]in!$L$16 -> 0 | L4: =[1]in!$M$16 -> 0 | M4: =[1]in!$N$16 -> 0 | N4: =[1]in!$P$16 -> 0 | O4: =[1]in!$Q$16 -> 0 | P4: =[1]in!$R$16 -> 0 | Q4: =SUM(E4:P4) -> 364656.75 | R4: =SUM(E4:G4) -> 358524.03 | S4: =SUM(H4:J4) -> 6132.719 | T4: =SUM(K4:M4) -> 0 | U4: =SUM(N4:P4) -> 0 | V4: =SUM(E4:J4) -> 364656.75 | W4: =SUM(K4:P4) -> 0 | Y4: ROC | Z4: =E4/$Z$1 -> 5134.8497 | AA4: =F4/$AA$1 -> 5188.1018 | AB4: =G4/$AB$1 -> 1744.4142 | AC4: =H4/$AC$1 -> 204.42397 | AD4: =I4/$AD$1 -> 0 | AE4: =J4/$AE$1 -> 0 | AF4: =K4/$AF$1 -> 0 | AG4: =L4/$AG$1 -> 0 | AH4: =M4/$AH$1 -> 0 | AI4: =N4/$AI$1 -> 0 | AJ4: =O4/$AJ$1 -> 0 | AK4: =P4/$AK$1 -> 0 | AL4: =Q4/$AL$1 -> 1091.7867
B5: Olefins | C5: ton | E5: =SUM(E3:E4) -> 394620.34 | F5: =SUM(F3:F4) -> 359553.85 | G5: =SUM(G3:G4) -> 294233.84 | H5: =SUM(H3:H4) -> 245282.72 | I5: =SUM(I3:I4) -> 0 | J5: =SUM(J3:J4) -> 0 | K5: =SUM(K3:K4) -> 0 | L5: =SUM(L3:L4) -> 0 | ... W5: =SUM(W3:W4) -> 0 | Y5: Olefins | Z5: =E5/$Z$1 -> 12729.688 | AA5: =F5/$AA$1 -> 12841.209 | AB5: =G5/$AB$1 -> 9491.4142 | AC5: =H5/$AC$1 -> 8176.0906 | AD5: =I5/$AD$1 -> 0 | AE5: =J5/$AE$1 -> 0 | AF5: =K5/$AF$1 -> 0 | AG5: =L5/$AG$1 -> 0 | AH5: =M5/$AH$1 -> 0 | AI5: =N5/$AI$1 -> 0 | AJ5: =O5/$AJ$1 -> 0 | AK5: =P5/$AK$1 -> 0 | AL5: =Q5/$AL$1 -> 3873.3256
B6: TPC RY | C6: ton | E6: =[1]in!$D$21 -> 102985.09 | F6: =[1]in!$E$21 -> 91532.37 | G6: =[1]in!$F$21 -> 96333.69 | H6: =[1]in!$H$21 -> 83152.3 | I6: =[1]in!$I$21 -> 0 | J6: =[1]in!$J$21 -> 0 | K6: =[1]in!$L$21 -> 0 | L6: =[1]in!$M$21 -> 0 | M6: =[1]in!$N$21 -> 0 | N6: =[1]in!$P$21 -> 0 | O6: =[1]in!$Q$21 -> 0 | P6: =[1]in!$R$21 -> 0 | Q6: =SUM(E6:P6) -> 374003.45 | R6: =SUM(E6:G6) -> 290851.15 | S6: =SUM(H6:J6) -> 83152.3 | T6: =SUM(K6:M6) -> 0 | U6: =SUM(N6:P6) -> 0 | V6: =SUM(E6:J6) -> 374003.45 | W6: =SUM(K6:P6) -> 0 | Y6: TPC RY | Z6: =E6/$Z$1 -> 3322.0997 | AA6: =F6/$AA$1 -> 3269.0132 | AB6: =G6/$AB$1 -> 3107.5384 | AC6: =H6/$AC$1 -> 2771.7433 | AD6: =I6/$AD$1 -> 0 | AE6: =J6/$AE$1 -> 0 | AF6: =K6/$AF$1 -> 0 | AG6: =L6/$AG$1 -> 0 | AH6: =M6/$AH$1 -> 0 | AI6: =N6/$AI$1 -> 0 | AJ6: =O6/$AJ$1 -> 0 | AK6: =P6/$AK$1 -> 0 | AL6: =Q6/$AL$1 -> 1119.7708
B7: TPE | C7: ton | E7: =[1]in!$D$27 -> 138964 | F7: =[1]in!$E$27 -> 138700 | G7: =[1]in!$F$27 -> 104291 | H7: =[1]in!$H$27 -> 99132 | I7: =[1]in!$I$27 -> 0 | J7: =[1]in!$J$27 -> 0 | K7: =[1]in!$L$27 -> 0 | L7: =[1]in!$M$27 -> 0 | M7: =[1]in!$N$27 -> 0 | N7: =[1]in!$P$27 -> 0 | O7: =[1]in!$Q$27 -> 0 | P7: =[1]in!$R$27 -> 0 | Q7: =SUM(E7:P7) -> 481087 | R7: =SUM(E7:G7) -> 381955 | S7: =SUM(H7:J7) -> 99132 | T7: =SUM(K7:M7) -> 0 | U7: =SUM(N7:P7) -> 0 | V7: =SUM(E7:J7) -> 481087 | W7: =SUM(K7:P7) -> 0 | Y7: TPE | Z7: =E7/$Z$1 -> 4482.7097 | AA7: =F7/$AA$1 -> 4953.5714 | AB7: =G7/$AB$1 -> 3364.2258 | AC7: =H7/$AC$1 -> 3304.4 | AD7: =I7/$AD$1 -> 0 | AE7: =J7/$AE$1 -> 0 | AF7: =K7/$AF$1 -> 0 | AG7: =L7/$AG$1 -> 0 | AH7: =M7/$AH$1 -> 0 | AI7: =N7/$AI$1 -> 0 | AJ7: =O7/$AJ$1 -> 0 | AK7: =P7/$AK$1 -> 0 | AL7: =Q7/$AL$1 -> 1440.3802
B8: NPI RY | C8: ton | E8: =[1]in!$D$33 -> 3893 | F8: =[1]in!$E$33 -> 4079 | G8: =[1]in!$F33 -> 5156 | H8: =[1]in!$H33 -> 4095 | I8: =[1]in!$I33 -> 0 | J8: =[1]in!$J33 -> 0 | K8: =[1]in!$L33 -> 0 | L8: =[1]in!$M33 -> 0 | M8: =[1]in!$N33 -> 0 | N8: =[1]in!$P33 -> 0 | O8: =[1]in!$Q33 -> 0 | P8: =[1]in!$R33 -> 0 | Q8: =SUM(E8:P8) -> 17223 | R8: =SUM(E8:G8) -> 13128 | S8: =SUM(H8:J8) -> 4095 | T8: =SUM(K8:M8) -> 0 | U8: =SUM(N8:P8) -> 0 | V8: =SUM(E8:J8) -> 17223 | W8: =SUM(K8:P8) -> 0 | Y8: NPI RY | Z8: =E8/$Z$1 -> 125.58065 | AA8: =F8/$AA$1 -> 145.67857 | AB8: =G8/$AB$1 -> 166.32258 | AC8: =H8/$AC$1 -> 136.5 | AD8: =I8/$AD$1 -> 0 | AE8: =J8/$AE$1 -> 0 | AF8: =K8/$AF$1 -> 0 | AG8: =L8/$AG$1 -> 0 | AH8: =M8/$AH$1 -> 0 | AI8: =N8/$AI$1 -> 0 | AJ8: =O8/$AJ$1 -> 0 | AK8: =P8/$AK$1 -> 0 | AL8: =Q8/$AL$1 -> 51.565868
B9: NPI SB | C9: ton | E9: =[1]in!$D$34 -> 7977.9 | F9: =[1]in!$E$34 -> 8185 | G9: =[1]in!$F$34 -> 9035 | H9: =[1]in!$H$34 -> 6812 | I9: =[1]in!$I$34 -> 0 | J9: =[1]in!$J$34 -> 0 | K9: =[1]in!$L$34 -> 0 | L9: =[1]in!$M$34 -> 0 | M9: =[1]in!$N$34 -> 0 | N9: =[1]in!$P$34 -> 0 | O9: =[1]in!$Q$34 -> 0 | P9: =[1]in!$R$34 -> 0 | Q9: =SUM(E9:P9) -> 32009.9 | R9: =SUM(E9:G9) -> 25197.9 | S9: =SUM(H9:J9) -> 6812 | T9: =SUM(K9:M9) -> 0 | U9: =SUM(N9:P9) -> 0 | V9: =SUM(E9:J9) -> 32009.9 | W9: =SUM(K9:P9) -> 0 | Y9: NPI SB | Z9: =E9/$Z$1 -> 257.35161 | AA9: =F9/$AA$1 -> 292.32143 | AB9: =G9/$AB$1 -> 291.45161 | AC9: =H9/$AC$1 -> 227.06667 | AD9: =I9/$AD$1 -> 0 | AE9: =J9/$AE$1 -> 0 | AF9: =K9/$AF$1 -> 0 | AG9: =L9/$AG$1 -> 0 | AH9: =M9/$AH$1 -> 0 | AI9: =N9/$AI$1 -> 0 | AJ9: =O9/$AJ$1 -> 0 | AK9: =P9/$AK$1 -> 0 | AL9: =Q9/$AL$1 -> 95.838024
B10: SCGC ICO | C10: ton | E10: =[1]in!$D$36 -> 3910.46 | F10: =[1]in!$E$36 -> 3429.836 | G10: =[1]in!$F$36 -> 2412.849 | H10: =[1]in!$H$36 -> 1988.872 | I10: =[1]in!$I$36 -> 0 | J10: =[1]in!$J$36 -> 0 | K10: =[1]in!$L$36 -> 0 | L10: =[1]in!$M$36 -> 0 | M10: =[1]in!$N$36 -> 0 | N10: =[1]in!$P$36 -> 0 | O10: =[1]in!$Q$36 -> 0 | P10: =[1]in!$R$36 -> 0 | Q10: =SUM(E10:P10) -> 11742.017 | R10: =SUM(E10:G10) -> 9753.145 | S10: =SUM(H10:J10) -> 1988.872 | T10: =SUM(K10:M10) -> 0 | U10: =SUM(N10:P10) -> 0 | V10: =SUM(E10:J10) -> 11742.017 | W10: =SUM(K10:P10) -> 0 | Y10: SCGC ICO | Z10: =E10/$Z$1 -> 126.14387 | AA10: =F10/$AA$1 -> 122.49414 | AB10: =G10/$AB$1 -> 77.833839 | AC10: =H10/$AC$1 -> 66.295733 | AD10: =I10/$AD$1 -> 0 | AE10: =J10/$AE$1 -> 0 | AF10: =K10/$AF$1 -> 0 | AG10: =L10/$AG$1 -> 0 | AH10: =M10/$AH$1 -> 0 | AI10: =N10/$AI$1 -> 0 | AJ10: =O10/$AJ$1 -> 0 | AK10: =P10/$AK$1 -> 0 | AL10: =Q10/$AL$1 -> 35.15574
B11: Cirplas | C11: ton | E11: =[1]in!$D$45 -> 164.282 | F11: =[1]in!$E$45 -> 153.813 | G11: =[1]in!$F$45 -> 163.984 | H11: =[1]in!$H$45 -> 154.693 | I11: =[1]in!$I$45 -> 0 | J11: =[1]in!$J$45 -> 0 | K11: =[1]in!$L$45 -> 0 | L11: =[1]in!$M$45 -> 0 | M11: =[1]in!$N$45 -> 0 | N11: =[1]in!$P$45 -> 0 | O11: =[1]in!$Q$45 -> 0 | P11: =[1]in!$R$45 -> 0 | Q11: =SUM(E11:P11) -> 636.772 | R11: =SUM(E11:G11) -> 482.079 | S11: =SUM(H11:J11) -> 154.693 | T11: =SUM(K11:M11) -> 0 | U11: =SUM(N11:P11) -> 0 | V11: =SUM(E11:J11) -> 636.772 | W11: =SUM(K11:P11) -> 0 | Y11: Cirplas | Z11: =E11/$Z$1 -> 5.2994194 | AA11: =F11/$AA$1 -> 5.4933214 | AB11: =G11/$AB$1 -> 5.2898065 | AC11: =H11/$AC$1 -> 5.1564333 | AD11: =I11/$AD$1 -> 0 | AE11: =J11/$AE$1 -> 0 | AF11: =K11/$AF$1 -> 0 | AG11: =L11/$AG$1 -> 0 | AH11: =M11/$AH$1 -> 0 | AI11: =N11/$AI$1 -> 0 | AJ11: =O11/$AJ$1 -> 0 | AK11: =P11/$AK$1 -> 0 | AL11: =Q11/$AL$1 -> 1.906503
B12: Teamplas | C12: ton | E12: =[1]in!$D$47 -> 2628.63 | F12: =[1]in!$E$47 -> 2342.79 | G12: =[1]in!$F$47 -> 2032.34 | H12: =[1]in!$H$47 -> 1914.63 | I12: =[1]in!$I$47 -> 0 | J12: =[1]in!$J$47 -> 0 | K12: =[1]in!$L$47 -> 0 | L12: =[1]in!$M$47 -> 0 | M12: =[1]in!$N$47 -> 0 | N12: =[1]in!$P$47 -> 0 | O12: =[1]in!$Q$47 -> 0 | P12: =[1]in!$R$47 -> 0 | Q12: =SUM(E12:P12) -> 8918.39 | R12: =SUM(E12:G12) -> 7003.76 | S12: =SUM(H12:J12) -> 1914.63 | T12: =SUM(K12:M12) -> 0 | U12: =SUM(N12:P12) -> 0 | V12: =SUM(E12:J12) -> 8918.39 | W12: =SUM(K12:P12) -> 0 | Y12: Teamplas | Z12: =E12/$Z$1 -> 84.794516 | AA12: =F12/$AA$1 -> 83.671071 | AB12: =G12/$AB$1 -> 65.559355 | AC12: =H12/$AC$1 -> 63.821 | AD12: =I12/$AD$1 -> 0 | AE12: =J12/$AE$1 -> 0 | AF12: =K12/$AF$1 -> 0 | AG12: =L12/$AG$1 -> 0 | AH12: =M12/$AH$1 -> 0 | AI12: =N12/$AI$1 -> 0 | AJ12: =O12/$AJ$1 -> 0 | AK12: =P12/$AK$1 -> 0 | AL12: =Q12/$AL$1 -> 26.701766
B13: TMMA | C13: ton | E13: =[1]in!$D$25 -> 26349 | F13: =[1]in!$E$25 -> 25398 | G13: =[1]in!$F$25 -> 24330 | H13: =[1]in!$H$25 -> 23769 | I13: =[1]in!$I$25 -> 0 | J13: =[1]in!$J$25 -> 0 | K13: =[1]in!$L$25 -> 0 | L13: =[1]in!$M$25 -> 0 | M13: =[1]in!$N$25 -> 0 | N13: =[1]in!$P$25 -> 0 | O13: =[1]in!$Q$25 -> 0 | P13: =[1]in!$R$25 -> 0 | Q13: =SUM(E13:P13) -> 99846 | R13: =SUM(E13:G13) -> 76077 | S13: =SUM(H13:J13) -> 23769 | T13: =SUM(K13:M13) -> 0 | U13: =SUM(N13:P13) -> 0 | V13: =SUM(E13:J13) -> 99846 | W13: =SUM(K13:P13) -> 0 | Y13: TMMA | Z13: =E13/$Z$1 -> 849.96774 | AA13: =F13/$AA$1 -> 907.07143 | AB13: =G13/$AB$1 -> 784.83871 | AC13: =H13/$AC$1 -> 792.3 | AD13: =I13/$AD$1 -> 0 | AE13: =J13/$AE$1 -> 0 | AF13: =K13/$AF$1 -> 0 | AG13: =L13/$AG$1 -> 0 | AH13: =M13/$AH$1 -> 0 | AI13: =N13/$AI$1 -> 0 | AJ13: =O13/$AJ$1 -> 0 | AK13: =P13/$AK$1 -> 0 | AL13: =Q13/$AL$1 -> 298.94012
B14: GSC | C14: ton | E14: =[1]in!$D$32 -> 12506.622 | F14: =[1]in!$E$32 -> 12176.861 | G14: =[1]in!$F$32 -> 11926.139 | H14: =[1]in!$H$32 -> 11233.093 | I14: =[1]in!$I$32 -> 0 | J14: =[1]in!$J$32 -> 0 | K14: =[1]in!$L$32 -> 0 | L14: =[1]in!$M$32 -> 0 | M14: =[1]in!$N$32 -> 0 | N14: =[1]in!$P$32 -> 0 | O14: =[1]in!$Q$32 -> 0 | P14: =[1]in!$R$32 -> 0 | Q14: =SUM(E14:P14) -> 47842.715 | R14: =SUM(E14:G14) -> 36609.622 | S14: =SUM(H14:J14) -> 11233.093 | T14: =SUM(K14:M14) -> 0 | U14: =SUM(N14:P14) -> 0 | V14: =SUM(E14:J14) -> 47842.715 | W14: =SUM(K14:P14) -> 0 | Y14: GSC | Z14: =E14/$Z$1 -> 403.43942 | AA14: =F14/$AA$1 -> 434.88789 | AB14: =G14/$AB$1 -> 384.71416 | AC14: =H14/$AC$1 -> 374.43643 | AD14: =I14/$AD$1 -> 0 | AE14: =J14/$AE$1 -> 0 | AF14: =K14/$AF$1 -> 0 | AG14: =L14/$AG$1 -> 0 | AH14: =M14/$AH$1 -> 0 | AI14: =N14/$AI$1 -> 0 | AJ14: =O14/$AJ$1 -> 0 | AK14: =P14/$AK$1 -> 0 | AL14: =Q14/$AL$1 -> 143.24166
B15: STC | C15: ton | E15: =[1]in!$D$37 -> 585.23 | F15: =[1]in!$E$37 -> 428.71 | G15: =[1]in!$F$37 -> 882.28 | H15: =[1]in!$H$37 -> 648.41 | I15: =[1]in!$I$37 -> 0 | J15: =[1]in!$J$37 -> 0 | K15: =[1]in!$L$37 -> 0 | L15: =[1]in!$M$37 -> 0 | M15: =[1]in!$N$37 -> 0 | N15: =[1]in!$P$37 -> 0 | O15: =[1]in!$Q$37 -> 0 | P15: =[1]in!$R$37 -> 0 | Q15: =SUM(E15:P15) -> 2544.63 | R15: =SUM(E15:G15) -> 1896.22 | S15: =SUM(H15:J15) -> 648.41 | T15: =SUM(K15:M15) -> 0 | U15: =SUM(N15:P15) -> 0 | V15: =SUM(E15:J15) -> 2544.63 | W15: =SUM(K15:P15) -> 0 | Y15: STC | Z15: =E15/$Z$1 -> 18.878387 | AA15: =F15/$AA$1 -> 15.311071 | AB15: =G15/$AB$1 -> 28.460645 | AC15: =H15/$AC$1 -> 21.613667 | AD15: =I15/$AD$1 -> 0 | AE15: =J15/$AE$1 -> 0 | AF15: =K15/$AF$1 -> 0 | AG15: =L15/$AG$1 -> 0 | AH15: =M15/$AH$1 -> 0 | AI15: =N15/$AI$1 -> 0 | AJ15: =O15/$AJ$1 -> 0 | AK15: =P15/$AK$1 -> 0 | AL15: =Q15/$AL$1 -> 7.6186527
B16: TMFC | C16: ton | E16: =[1]in!$D$38 -> 1394.98 | F16: =[1]in!$E$38 -> 1431.84 | G16: =[1]in!$F$38 -> 1499.44 | H16: =[1]in!$H$38 -> 1490.27 | I16: =[1]in!$I$38 -> 0 | J16: =[1]in!$J$38 -> 0 | K16: =[1]in!$L$38 -> 0 | L16: =[1]in!$M$38 -> 0 | M16: =[1]in!$N$38 -> 0 | N16: =[1]in!$P$38 -> 0 | O16: =[1]in!$Q$38 -> 0 | P16: =[1]in!$R$38 -> 0 | Q16: =SUM(E16:P16) -> 5816.53 | R16: =SUM(E16:G16) -> 4326.26 | S16: =SUM(H16:J16) -> 1490.27 | T16: =SUM(K16:M16) -> 0 | U16: =SUM(N16:P16) -> 0 | V16: =SUM(E16:J16) -> 5816.53 | W16: =SUM(K16:P16) -> 0 | Y16: TMFC | Z16: =E16/$Z$1 -> 44.999355 | AA16: =F16/$AA$1 -> 51.137143 | AB16: =G16/$AB$1 -> 48.369032 | AC16: =H16/$AC$1 -> 49.675667 | AD16: =I16/$AD$1 -> 0 | AE16: =J16/$AE$1 -> 0 | AF16: =K16/$AF$1 -> 0 | AG16: =L16/$AG$1 -> 0 | AH16: =M16/$AH$1 -> 0 | AI16: =N16/$AI$1 -> 0 | AJ16: =O16/$AJ$1 -> 0 | AK16: =P16/$AK$1 -> 0 | AL16: =Q16/$AL$1 -> 17.41476
A17: Abroad | B17: Chemtech | C17: ton | E17: =[1]in!$D$19 -> 757.57 | F17: =[1]in!$E$19 -> 666.95 | G17: =[1]in!$F$19 -> 779.59 | H17: =[1]in!$H$19 -> 856.76 | I17: =[1]in!$I$19 -> 0 | J17: =[1]in!$J$19 -> 0 | K17: =[1]in!$L$19 -> 0 | L17: =[1]in!$M$19 -> 0 | M17: =[1]in!$N$19 -> 0 | N17: =[1]in!$P$19 -> 0 | O17: =[1]in!$Q$19 -> 0 | P17: =[1]in!$R$19 -> 0 | Q17: =SUM(E17:P17) -> 3060.87 | R17: =SUM(E17:G17) -> 2204.11 | S17: =SUM(H17:J17) -> 856.76 | T17: =SUM(K17:M17) -> 0 | U17: =SUM(N17:P17) -> 0 | V17: =SUM(E17:J17) -> 3060.87 | W17: =SUM(K17:P17) -> 0 | Y17: Chemtech | Z17: =E17/$Z$1 -> 24.437742 | AA17: =F17/$AA$1 -> 23.819643 | AB17: =G17/$AB$1 -> 25.148065 | AC17: =H17/$AC$1 -> 28.558667 | AD17: =I17/$AD$1 -> 0 | AE17: =J17/$AE$1 -> 0 | AF17: =K17/$AF$1 -> 0 | AG17: =L17/$AG$1 -> 0 | AH17: =M17/$AH$1 -> 0 | AI17: =N17/$AI$1 -> 0 | AJ17: =O17/$AJ$1 -> 0 | AK17: =P17/$AK$1 -> 0 | AL17: =Q17/$AL$1 -> 9.1642814
B18: TPC Indo | C18: ton | E18: =[1]in!$D$20 -> 6519.68 | F18: =[1]in!$E$20 -> 8061.68 | G18: =[1]in!$F$20 -> 8182.08 | H18: =[1]in!$H$20 -> 0 | I18: =[1]in!$I$20 -> 0 | J18: =[1]in!$J$20 -> 0 | K18: =[1]in!$L$20 -> 0 | L18: =[1]in!$M$20 -> 0 | M18: =[1]in!$N$20 -> 0 | N18: =[1]in!$P$20 -> 0 | O18: =[1]in!$Q$20 -> 0 | P18: =[1]in!$R$20 -> 0 | Q18: =SUM(E18:P18) -> 22763.44 | R18: =SUM(E18:G18) -> 22763.44 | S18: =SUM(H18:J18) -> 0 | T18: =SUM(K18:M18) -> 0 | U18: =SUM(N18:P18) -> 0 | V18: =SUM(E18:J18) -> 22763.44 | W18: =SUM(K18:P18) -> 0 | Y18: TPC Indo | Z18: =E18/$Z$1 -> 210.31226 | AA18: =F18/$AA$1 -> 287.91714 | AB18: =G18/$AB$1 -> 263.93806 | AC18: =H18/$AC$1 -> 0 | AD18: =I18/$AD$1 -> 0 | AE18: =J18/$AE$1 -> 0 | AF18: =K18/$AF$1 -> 0 | AG18: =L18/$AG$1 -> 0 | AH18: =M18/$AH$1 -> 0 | AI18: =N18/$AI$1 -> 0 | AJ18: =O18/$AJ$1 -> 0 | AK18: =P18/$AK$1 -> 0 | AL18: =Q18/$AL$1 -> 68.154012
B19: TPC Vina | C19: ton | E19: =[1]in!$D$22 -> 14685.199 | F19: =[1]in!$E$22 -> 8901.316 | G19: =[1]in!$F$22 -> 10005.102 | H19: =[1]in!$H$22 -> 8558.762 | I19: =[1]in!$I$22 -> 0 | J19: =[1]in!$J$22 -> 0 | K19: =[1]in!$L$22 -> 0 | L19: =[1]in!$M$22 -> 0 | M19: =[1]in!$N$22 -> 0 | N19: =[1]in!$P$22 -> 0 | O19: =[1]in!$Q$22 -> 0 | P19: =[1]in!$R$22 -> 0 | Q19: =SUM(E19:P19) -> 42150.379 | R19: =SUM(E19:G19) -> 33591.617 | S19: =SUM(H19:J19) -> 8558.762 | T19: =SUM(K19:M19) -> 0 | U19: =SUM(N19:P19) -> 0 | V19: =SUM(E19:J19) -> 42150.379 | W19: =SUM(K19:P19) -> 0 | Y19: TPC Vina | Z19: =E19/$Z$1 -> 473.7161 | AA19: =F19/$AA$1 -> 317.90414 | AB19: =G19/$AB$1 -> 322.74523 | AC19: =H19/$AC$1 -> 285.29207 | AD19: =I19/$AD$1 -> 0 | AE19: =J19/$AE$1 -> 0 | AF19: =K19/$AF$1 -> 0 | AG19: =L19/$AG$1 -> 0 | AH19: =M19/$AH$1 -> 0 | AI19: =N19/$AI$1 -> 0 | AJ19: =O19/$AJ$1 -> 0 | AK19: =P19/$AK$1 -> 0 | AL19: =Q19/$AL$1 -> 126.19874
B20: Viet-Thai | C20: ton | E20: =[1]in!$D$23 -> 1885.8 | F20: =[1]in!$E$23 -> 996.18 | G20: =[1]in!$F$23 -> 1115.9 | H20: =[1]in!$H$23 -> 1288.9 | I20: =[1]in!$I$23 -> 0 | J20: =[1]in!$J$23 -> 0 | K20: =[1]in!$L$23 -> 0 | L20: =[1]in!$M$23 -> 0 | M20: =[1]in!$N$23 -> 0 | N20: =[1]in!$P$23 -> 0 | O20: =[1]in!$Q$23 -> 0 | P20: =[1]in!$R$23 -> 0 | Q20: =SUM(E20:P20) -> 5286.78 | R20: =SUM(E20:G20) -> 3997.88 | S20: =SUM(H20:J20) -> 1288.9 | T20: =SUM(K20:M20) -> 0 | U20: =SUM(N20:P20) -> 0 | V20: =SUM(E20:J20) -> 5286.78 | W20: =SUM(K20:P20) -> 0 | Y20: Viet-Thai | Z20: =E20/$Z$1 -> 60.832258 | AA20: =F20/$AA$1 -> 35.577857 | AB20: =G20/$AB$1 -> 35.996774 | AC20: =H20/$AC$1 -> 42.963333 | AD20: =I20/$AD$1 -> 0 | AE20: =J20/$AE$1 -> 0 | AF20: =K20/$AF$1 -> 0 | AG20: =L20/$AG$1 -> 0 | AH20: =M20/$AH$1 -> 0 | AI20: =N20/$AI$1 -> 0 | AJ20: =O20/$AJ$1 -> 0 | AK20: =P20/$AK$1 -> 0 | AL20: =Q20/$AL$1 -> 15.828683
B21: BMP | C21: ton | E21: =[1]in!$D$30 -> 7155.08 | F21: =[1]in!$E$30 -> 2579.2 | G21: =[1]in!$F$30 -> 9907.96 | H21: =[1]in!$H$30 -> 0 | I21: =[1]in!$I$30 -> 0 | J21: =[1]in!$J$30 -> 0 | K21: =[1]in!$L$30 -> 0 | L21: =[1]in!$M$30 -> 0 | M21: =[1]in!$N$30 -> 0 | N21: =[1]in!$P$30 -> 0 | O21: =[1]in!$Q$30 -> 0 | P21: =[1]in!$R$30 -> 0 | Q21: =SUM(E21:P21) -> 19642.24 | R21: =SUM(E21:G21) -> 19642.24 | S21: =SUM(H21:J21) -> 0 | T21: =SUM(K21:M21) -> 0 | U21: =SUM(N21:P21) -> 0 | V21: =SUM(E21:J21) -> 19642.24 | W21: =SUM(K21:P21) -> 0 | Y21: BMP | Z21: =E21/$Z$1 -> 230.80903 | AA21: =F21/$AA$1 -> 92.114286 | AB21: =G21/$AB$1 -> 319.61161 | AC21: =H21/$AC$1 -> 0 | AD21: =I21/$AD$1 -> 0 | AE21: =J21/$AE$1 -> 0 | AF21: =K21/$AF$1 -> 0 | AG21: =L21/$AG$1 -> 0 | AH21: =M21/$AH$1 -> 0 | AI21: =N21/$AI$1 -> 0 | AJ21: =O21/$AJ$1 -> 0 | AK21: =P21/$AK$1 -> 0 | AL21: =Q21/$AL$1 -> 58.809102
B22: NPIC | C22: ton | E22: =[1]in!$D$35 -> 357.92 | F22: =[1]in!$E$35 -> 303.005 | G22: =[1]in!$F$35 -> 497.905 | H22: =[1]in!$H$35 -> 446.11 | I22: =[1]in!$I$35 -> 0 | J22: =[1]in!$J$35 -> 0 | K22: =[1]in!$L$35 -> 0 | L22: =[1]in!$M$35 -> 0 | M22: =[1]in!$N$35 -> 0 | N22: =[1]in!$P$35 -> 0 | O22: =[1]in!$Q$35 -> 0 | P22: =[1]in!$R$35 -> 0 | Q22: =SUM(E22:P22) -> 1604.94 | R22: =SUM(E22:G22) -> 1158.83 | S22: =SUM(H22:J22) -> 446.11 | T22: =SUM(K22:M22) -> 0 | U22: =SUM(N22:P22) -> 0 | V22: =SUM(E22:J22) -> 1604.94 | W22: =SUM(K22:P22) -> 0 | Y22: NPIC | Z22: =E22/$Z$1 -> 11.545806 | AA22: =F22/$AA$1 -> 10.821607 | AB22: =G22/$AB$1 -> 16.061452 | AC22: =H22/$AC$1 -> 14.870333 | AD22: =I22/$AD$1 -> 0 | AE22: =J22/$AE$1 -> 0 | AF22: =K22/$AF$1 -> 0 | AG22: =L22/$AG$1 -> 0 | AH22: =M22/$AH$1 -> 0 | AI22: =N22/$AI$1 -> 0 | AJ22: =O22/$AJ$1 -> 0 | AK22: =P22/$AK$1 -> 0 | AL22: =Q22/$AL$1 -> 4.8052096
B23: NBM | C23: ton | E23: =[1]in!$D$39 -> 640.952 | F23: =[1]in!$E$39 -> 464.295 | G23: =[1]in!$F$39 -> 969.305 | H23: =[1]in!$H$39 -> 669.132 | I23: =[1]in!$I$39 -> 0 | J23: =[1]in!$J$39 -> 0 | K23: =[1]in!$L$39 -> 0 | L23: =[1]in!$M$39 -> 0 | M23: =[1]in!$N$39 -> 0 | N23: =[1]in!$P$39 -> 0 | O23: =[1]in!$Q$39 -> 0 | P23: =[1]in!$R$39 -> 0 | Q23: =SUM(E23:P23) -> 2743.684 | R23: =SUM(E23:G23) -> 2074.552 | S23: =SUM(H23:J23) -> 669.132 | T23: =SUM(K23:M23) -> 0 | U23: =SUM(N23:P23) -> 0 | V23: =SUM(E23:J23) -> 2743.684 | W23: =SUM(K23:P23) -> 0 | Y23: NBM | Z23: =E23/$Z$1 -> 20.675871 | AA23: =F23/$AA$1 -> 16.581964 | AB23: =G23/$AB$1 -> 31.267903 | AC23: =H23/$AC$1 -> 22.3044 | AD23: =I23/$AD$1 -> 0 | AE23: =J23/$AE$1 -> 0 | AF23: =K23/$AF$1 -> 0 | AG23: =L23/$AG$1 -> 0 | AH23: =M23/$AH$1 -> 0 | AI23: =N23/$AI$1 -> 0 | AJ23: =O23/$AJ$1 -> 0 | AK23: =P23/$AK$1 -> 0 | AL23: =Q23/$AL$1 -> 8.2146228
B24: BNI | C24: ton | E24: =[1]in!$D$40 -> 814 | F24: =[1]in!$E$40 -> 733.5 | G24: =[1]in!$F$40 -> 556.6 | H24: =[1]in!$H$40 -> 721.6 | I24: =[1]in!$I$40 -> 0 | J24: =[1]in!$J$40 -> 0 | K24: =[1]in!$L$40 -> 0 | L24: =[1]in!$M$40 -> 0 | M24: =[1]in!$N$40 -> 0 | N24: =[1]in!$P$40 -> 0 | O24: =[1]in!$Q$40 -> 0 | P24: =[1]in!$R$40 -> 0 | Q24: =SUM(E24:P24) -> 2825.7 | R24: =SUM(E24:G24) -> 2104.1 | S24: =SUM(H24:J24) -> 721.6 | T24: =SUM(K24:M24) -> 0 | U24: =SUM(N24:P24) -> 0 | V24: =SUM(E24:J24) -> 2825.7 | W24: =SUM(K24:P24) -> 0 | Y24: BNI | Z24: =E24/$Z$1 -> 26.258065 | AA24: =F24/$AA$1 -> 26.196429 | AB24: =G24/$AB$1 -> 17.954839 | AC24: =H24/$AC$1 -> 24.053333 | AD24: =I24/$AD$1 -> 0 | AE24: =J24/$AE$1 -> 0 | AF24: =K24/$AF$1 -> 0 | AG24: =L24/$AG$1 -> 0 | AH24: =M24/$AH$1 -> 0 | AI24: =N24/$AI$1 -> 0 | AJ24: =O24/$AJ$1 -> 0 | AK24: =P24/$AK$1 -> 0 | AL24: =Q24/$AL$1 -> 8.4601796
B25: Sirplaste | C25: ton | E25: =[1]in!$D$46 -> 1825.471 | F25: =[1]in!$E$46 -> 2232.647 | G25: =[1]in!$F$46 -> 2818.505 | H25: =[1]in!$H$46 -> 2933.973 | I25: =[1]in!$I$46 -> 0 | J25: =[1]in!$J$46 -> 0 | K25: =[1]in!$L$46 -> 0 | L25: =[1]in!$M$46 -> 0 | M25: =[1]in!$N$46 -> 0 | N25: =[1]in!$P$46 -> 0 | O25: =[1]in!$Q$46 -> 0 | P25: =[1]in!$R$46 -> 0 | Q25: =SUM(E25:P25) -> 9810.596 | R25: =SUM(E25:G25) -> 6876.623 | S25: =SUM(H25:J25) -> 2933.973 | T25: =SUM(K25:M25) -> 0 | U25: =SUM(N25:P25) -> 0 | V25: =SUM(E25:J25) -> 9810.596 | W25: =SUM(K25:P25) -> 0 | Y25: Sirplaste | Z25: =E25/$Z$1 -> 58.886161 | AA25: =F25/$AA$1 -> 79.737393 | AB25: =G25/$AB$1 -> 90.919516 | AC25: =H25/$AC$1 -> 97.7991 | AD25: =I25/$AD$1 -> 0 | AE25: =J25/$AE$1 -> 0 | AF25: =K25/$AF$1 -> 0 | AG25: =L25/$AG$1 -> 0 | AH25: =M25/$AH$1 -> 0 | AI25: =N25/$AI$1 -> 0 | AJ25: =O25/$AJ$1 -> 0 | AK25: =P25/$AK$1 -> 0 | AL25: =Q25/$AL$1 -> 29.373042
B26: LSP - Up | C26: ton | E26: =[1]in!$D$17 -> 165864.3 | F26: =[1]in!$E$17 -> 144372.95 | G26: =[1]in!$F$17 -> 182694.99 | H26: =[1]in!$H$17 -> 197818.2 | I26: =[1]in!$I$17 -> 0 | J26: =[1]in!$J$17 -> 0 | K26: =[1]in!$L$17 -> 0 | L26: =[1]in!$M$17 -> 0 | M26: =[1]in!$N$17 -> 0 | N26: =[1]in!$P$17 -> 0 | O26: =[1]in!$Q$17 -> 0 | P26: =[1]in!$R$17 -> 0 | Q26: =SUM(E26:P26) -> 690750.44 | R26: =SUM(E26:G26) -> 492932.24 | S26: =SUM(H26:J26) -> 197818.2 | T26: =SUM(K26:M26) -> 0 | U26: =SUM(N26:P26) -> 0 | V26: =SUM(E26:J26) -> 690750.44 | W26: =SUM(K26:P26) -> 0 | Y26: LSP - Up | Z26: =E26/$Z$1 -> 5350.4613 | AA26: =F26/$AA$1 -> 5156.1768 | AB26: =G26/$AB$1 -> 5893.3868 | AC26: =H26/$AC$1 -> 6593.94 | AD26: =I26/$AD$1 -> 0 | AE26: =J26/$AE$1 -> 0 | AF26: =K26/$AF$1 -> 0 | AG26: =L26/$AG$1 -> 0 | AH26: =M26/$AH$1 -> 0 | AI26: =N26/$AI$1 -> 0 | AJ26: =O26/$AJ$1 -> 0 | AK26: =P26/$AK$1 -> 0 | AL26: =Q26/$AL$1 -> 2068.1151
B27: LSP - Poly | C27: ton | E27: =[1]in!$D$28 -> 111121.82 | F27: =[1]in!$E$28 -> 96206.48 | G27: =[1]in!$F$28 -> 125019.93 | H27: =[1]in!$H$28 -> 102149.03 | I27: =[1]in!$I$28 -> 0 | J27: =[1]in!$J$28 -> 0 | K27: =[1]in!$L$28 -> 0 | L27: =[1]in!$M$28 -> 0 | M27: =[1]in!$N$28 -> 0 | N27: =[1]in!$P$28 -> 0 | O27: =[1]in!$Q$28 -> 0 | P27: =[1]in!$R$28 -> 0 | Q27: =SUM(E27:P27) -> 434497.26 | R27: =SUM(E27:G27) -> 332348.23 | S27: =SUM(H27:J27) -> 102149.03 | T27: =SUM(K27:M27) -> 0 | U27: =SUM(N27:P27) -> 0 | V27: =SUM(E27:J27) -> 434497.26 | W27: =SUM(K27:P27) -> 0 | Y27: LSP - Poly | Z27: =E27/$Z$1 -> 3584.5748 | AA27: =F27/$AA$1 -> 3435.9457 | AB27: =G27/$AB$1 -> 4032.901 | AC27: =H27/$AC$1 -> 3404.9677 | AD27: =I27/$AD$1 -> 0 | AE27: =J27/$AE$1 -> 0 | AF27: =K27/$AF$1 -> 0 | AG27: =L27/$AG$1 -> 0 | AH27: =M27/$AH$1 -> 0 | AI27: =N27/$AI$1 -> 0 | AJ27: =O27/$AJ$1 -> 0 | AK27: =P27/$AK$1 -> 0 | AL27: =Q27/$AL$1 -> 1300.89
B28: LSP Complex | C28: ton | E28: =SUM(E26:E27) -> 276986.12 | F28: =SUM(F26:F27) -> 240579.43 | G28: =SUM(G26:G27) -> 307714.92 | H28: =SUM(H26:H27) -> 299967.23 | I28: =SUM(I26:I27) -> 0 | J28: =SUM(J26:J27) -> 0 | K28: =SUM(K26:K27) -> 0 | L28: =SUM(L26:L27) -> 0 | ... P28: =SUM(P26:P27) -> 0 | Q28: =SUM(E28:P28) -> 1125247.7 | R28: =SUM(E28:G28) -> 825280.47 | S28: =SUM(H28:J28) -> 299967.23 | T28: =SUM(K28:M28) -> 0 | U28: =SUM(N28:P28) -> 0 | V28: =SUM(E28:J28) -> 1125247.7 | W28: =SUM(K28:P28) -> 0 | Y28: LSP Group | Z28: =E28/$Z$1 -> 8935.0361 | AA28: =F28/$AA$1 -> 8592.1225 | AB28: =G28/$Z$1 -> 9926.2877 | AC28: =H28/$AA$1 -> 10713.115 | AD28: =I28/$Z$1 -> 0 | AE28: =J28/$AA$1 -> 0 | AF28: =K28/$Z$1 -> 0 | AG28: =L28/$AA$1 -> 0 | AH28: =M28/$Z$1 -> 0 | AI28: =N28/$AA$1 -> 0 | AJ28: =O28/$Z$1 -> 0 | AK28: =P28/$AA$1 -> 0 | AL28: =Q28/$AL$1 -> 3369.0051
B29: GNM | C29: ton | E29: =[1]in!$D$31 -> 644.77 | F29: =[1]in!$E$31 -> 484.93 | G29: =[1]in!$F$31 -> 792.89 | H29: =[1]in!$H$31 -> 359.56 | I29: =[1]in!$I$31 -> 0 | J29: =[1]in!$J$31 -> 0 | K29: =[1]in!$L$31 -> 0 | L29: =[1]in!$M$31 -> 0 | M29: =[1]in!$N$31 -> 0 | N29: =[1]in!$P$31 -> 0 | O29: =[1]in!$Q$31 -> 0 | P29: =[1]in!$R$31 -> 0 | Q29: =SUM(E29:P29) -> 2282.15 | R29: =SUM(E29:G29) -> 1922.59 | S29: =SUM(H29:J29) -> 359.56 | T29: =SUM(K29:M29) -> 0 | U29: =SUM(N29:P29) -> 0 | V29: =SUM(E29:J29) -> 2282.15 | W29: =SUM(K29:P29) -> 0 | Y29: GNM | Z29: =E29/$Z$1 -> 20.799032 | AA29: =F29/$AA$1 -> 17.318929 | AB29: =G29/$AB$1 -> 25.577097 | AC29: =H29/$AC$1 -> 11.985333 | AD29: =I29/$AD$1 -> 0 | AE29: =J29/$AE$1 -> 0 | AF29: =K29/$AF$1 -> 0 | AG29: =L29/$AG$1 -> 0 | AH29: =M29/$AH$1 -> 0 | AI29: =N29/$AI$1 -> 0 | AJ29: =O29/$AJ$1 -> 0 | AK29: =P29/$AK$1 -> 0 | AL29: =Q29/$AL$1 -> 6.8327844
B30: NPI Group | C30: ton | E30: =SUM(E8:E9,E21:E24,E29) -> 21483.622 | F30: =SUM(F8:F9,F21:F24,F29) -> 16828.93 | G30: =SUM(G8:G9,G21:G24,G29) -> 26915.66 | H30: =SUM(H8:H9,H21:H24,H29) -> 13103.402 | I30: =SUM(I8:I9,I21:I24,I29) -> 0 | J30: =SUM(J8:J9,J21:J24,J29) -> 0 | K30: =SUM(K8:K9,K21:K24,K29) -> 0 | L30: =SUM(L8:L9,L21:L24,L29) -> 0 | ... P30: =SUM(P8:P9,P21:P24,P29) -> 0 | Q30: =SUM(E30:P30) -> 78331.614 | R30: =SUM(E30:G30) -> 65228.212 | S30: =SUM(H30:J30) -> 13103.402 | T30: =SUM(K30:M30) -> 0 | U30: =SUM(N30:P30) -> 0 | V30: =SUM(E30:J30) -> 78331.614 | W30: =SUM(K30:P30) -> 0
A32: Total SCGC | C32: ton | E32: =SUM(E5:E25,E28:E29) -> 1008252.1 | F32: =SUM(F5:F25,F28:F29) -> 913415.2 | G32: =SUM(G5:G25,G28:G29) -> 895637.32 | H32: =SUM(H5:H25,H28:H29) -> 795475.01 | I32: =SUM(I5:I25,I28:I29) -> 0 | J32: =SUM(J5:J25,J28:J29) -> 0 | K32: =SUM(K5:K25,K28:K29) -> 0 | L32: =SUM(L5:L25,L28:L29) -> 0 | ... W32: =SUM(W5:W25,W28:W29) -> 0 | Z32: =E32/$Z$1 -> 32524.261 | AA32: =F32/$AA$1 -> 32621.972 | AB32: =G32/$AB$1 -> 28891.526 | AC32: =H32/$AC$1 -> 26515.834 | AD32: =I32/$AD$1 -> 0 | AE32: =J32/$AE$1 -> 0 | AF32: =K32/$AF$1 -> 0 | AG32: =L32/$AG$1 -> 0 | AH32: =M32/$AH$1 -> 0 | AI32: =N32/$AI$1 -> 0 | AJ32: =O32/$AJ$1 -> 0 | AK32: =P32/$AK$1 -> 0 | AL32: =Q32/$AL$1 -> 10816.705
A33: Total SCGC (Sub only) | C33: ton | E33: =SUM(E5:E12,E17:E25,E28:E29) -> 967416.26 | F33: =SUM(F5:F12,F17:F25,F28:F29) -> 873979.79 | G33: =SUM(G5:G12,G17:G25,G28:G29) -> 856999.46 | H33: =SUM(H5:H12,H17:H25,H28:H29) -> 758334.24 | I33: =SUM(I5:I12,I17:I25,I28:I29) -> 0 | J33: =SUM(J5:J12,J17:J25,J28:J29) -> 0 | K33: =SUM(K5:K12,K17:K25,K28:K29) -> 0 | L33: =SUM(L5:L12,L17:L25,L28:L29) -> 0 | ... W33: =SUM(W5:W12,W17:W25,W28:W29) -> 0 | Z33: =E33/$Z$1 -> 31206.976 | AA33: =F33/$AA$1 -> 31213.564 | AB33: =G33/$AB$1 -> 27645.144 | AC33: =H33/$AC$1 -> 25277.808 | AD33: =I33/$AD$1 -> 0 | AE33: =J33/$AE$1 -> 0 | AF33: =K33/$AF$1 -> 0 | AG33: =L33/$AG$1 -> 0 | AH33: =M33/$AH$1 -> 0 | AI33: =N33/$AI$1 -> 0 | AJ33: =O33/$AJ$1 -> 0 | AK33: =P33/$AK$1 -> 0 | AL33: =Q33/$AL$1 -> 10349.49
A36: Thailand (Sub) | C36: ton | E36: =SUM(E5:E12) -> 655143.7 | F36: =SUM(F5:F11) -> 605633.87 | G36: =SUM(G5:G11) -> 511626.36 | H36: =SUM(H5:H11) -> 440617.58 | I36: =SUM(I5:I11) -> 0 | J36: =SUM(J5:J11) -> 0 | K36: =SUM(K5:K11) -> 0 | L36: =SUM(L5:L11) -> 0 | M36: =SUM(M5:M11) -> 0 | ... P36: =SUM(P5:P11) -> 0 | Q36: =SUM(Q5:Q12) -> 2219311.3
A37: Abroad (Sub) | C37: ton | E37: =SUM(E17:E25,E28:E29) -> 312272.56 | F37: =SUM(F17:F25,F28:F29) -> 266003.13 | G37: =SUM(G17:G25,G28:G29) -> 343340.76 | H37: =SUM(H17:H25,H28:H29) -> 315802.03 | I37: =SUM(I17:I25,I28:I29) -> 0 | J37: =SUM(J17:J25,J28:J29) -> 0 | K37: =SUM(K17:K25,K28:K29) -> 0 | L37: =SUM(L17:L25,L28:L29) -> 0 | ... Q37: =SUM(Q17:Q25,Q28:Q29) -> 1237418.5
C40: Q1
B41: Olefins | C41: =SUM(R5,R26) -> 1541340.3
B42: PVC | C42: =SUM(R17:R20,R6) -> 353408.2
B43: Polyolefins | C43: =SUM(R7,R27) -> 714303.23
B44: Downstream | C44: =SUM(R8:R10,R21:R24,R29) -> 74981.357
B45: Energy | C45: 2540400.5
B46: Circular | C46: =SUM(R11:R12,R25) -> 14362.462
B47: Other (terminal tank)
C48: =SUM(C41:C44,C46) -> 2698395.5

Sheet Water withdrawal
A1: Water withdrawal | Z1: For Analysis | AA1: 31 | AB1: 28 | AC1: 31 | AD1: 30 | AE1: 31 | AF1: 30 | AG1: 31 | AH1: 31 | AI1: 30 | AJ1: 31 | AK1: 30 | AL1: 31 | AM1: =SUM(AA1) -> 31
B2: Company | C2: Unit | D2: Target | E2: 46023 | F2: 46054 | G2: 46082 | H2: 46113 | I2: 46143 | J2: 46174 | K2: 46204 | L2: 46235 | M2: 46266 | N2: 46296 | O2: 46327 | P2: 46357 | Q2: YTD 2026 | R2: Q1 | S2: Q2 | T2: Q3 | U2: Q4 | V2: H1 | W2: H2 | Z2: Water withdrawal (m3/day) | AA2: =E2 -> 46023 | AB2: =F2 -> 46054 | AC2: =G2 -> 46082 | AD2: =H2 -> 46113 | AE2: =I2 -> 46143 | AF2: =J2 -> 46174 | AG2: =K2 -> 46204 | AH2: =L2 -> 46235 | ... AM2: =Q2 -> YTD 2026
A3: Domestic | B3: MOC | C3: m3 | E3: =[1]in!$D$582 -> 844701 | F3: =[1]in!$E$582 -> 775072 | G3: =[1]in!$F$582 -> 894723 | H3: =[1]in!$H$582 -> 867982 | I3: =[1]in!$I$582 -> 0 | J3: =[1]in!$J$582 -> 0 | K3: =[1]in!$L$582 -> 0 | L3: =[1]in!$M$582 -> 0 | M3: =[1]in!$N$582 -> 0 | N3: =[1]in!$P$582 -> 0 | O3: =[1]in!$Q$582 -> 0 | P3: =[1]in!$R$582 -> 0 | Q3: =SUM(E3:P3) -> 3382478 | R3: =SUM(E3:G3) -> 2514496 | S3: =SUM(H3:J3) -> 867982 | T3: =SUM(K3:M3) -> 0 | U3: =SUM(N3:P3) -> 0 | V3: =SUM(E3:J3) -> 3382478 | W3: =SUM(K3:P3) -> 0 | X3: =Q3/$Q$37 -> 0.3002504 | Z3: MOC | AA3: =E3/$AA$1 -> 27248.419 | AB3: =F3/$AB$1 -> 27681.143 | AC3: =G3/$AC$1 -> 28862.032 | AD3: =H3/$AD$1 -> 28932.733 | AE3: =I3/$AE$1 -> 0 | AF3: =J3/$AF$1 -> 0 | AG3: =K3/$AG$1 -> 0 | AH3: =L3/$AH$1 -> 0 | AI3: =M3/AI1 -> 0 | AJ3: =N3/$AJ$1 -> 0 | AK3: =O3/$AK$1 -> 0 | AL3: =P3/$AL$1 -> 0 | AM3: =Q3/$AM$1 -> 109112.19
B4: ROC | C4: m3 | E4: =[1]in!$D$583 -> 505119.03 | F4: =[1]in!$E$583 -> 477615.9 | G4: =[1]in!$F$583 -> 247397.02 | H4: =[1]in!$H$583 -> 41116.367 | I4: =[1]in!$I$583 -> 0 | J4: =[1]in!$J$583 -> 0 | K4: =[1]in!$L$583 -> 0 | L4: =[1]in!$M$583 -> 0 | M4: =[1]in!$N$583 -> 0 | N4: =[1]in!$P$583 -> 0 | O4: =[1]in!$Q$583 -> 0 | P4: =[1]in!$R$583 -> 0 | Q4: =SUM(E4:P4) -> 1271248.3 | R4: =SUM(E4:G4) -> 1230132 | S4: =SUM(H4:J4) -> 41116.367 | T4: =SUM(K4:M4) -> 0 | U4: =SUM(N4:P4) -> 0 | V4: =SUM(E4:J4) -> 1271248.3 | W4: =SUM(K4:P4) -> 0 | X4: =Q4/$Q$37 -> 0.11284414 | Z4: ROC | AA4: =E4/$AA$1 -> 16294.162 | AB4: =F4/$AB$1 -> 17057.711 | AC4: =G4/$AC$1 -> 7980.5492 | AD4: =H4/$AD$1 -> 1370.5456 | AE4: =I4/$AE$1 -> 0 | AF4: =J4/$AF$1 -> 0 | AG4: =K4/$AG$1 -> 0 | AH4: =L4/$AH$1 -> 0 | AI4: =M4/$AI$1 -> 0 | AJ4: =N4/$AJ$1 -> 0 | AK4: =O4/$AK$1 -> 0 | AL4: =P4/$AL$1 -> 0 | AM4: =Q4/$AM$1 -> 41008.01
B5: Olefins | C5: m3 | E5: =SUM(E3:E4) -> 1349820 | F5: =SUM(F3:F4) -> 1252687.9 | G5: =SUM(G3:G4) -> 1142120 | H5: =SUM(H3:H4) -> 909098.37 | I5: =SUM(I3:I4) -> 0 | J5: =SUM(J3:J4) -> 0 | K5: =SUM(K3:K4) -> 0 | L5: =SUM(L3:L4) -> 0 | ... P5: =SUM(P3:P4) -> 0 | Q5: =SUM(E5:P5) -> 4653726.3 | R5: =SUM(E5:G5) -> 3744628 | S5: =SUM(H5:J5) -> 909098.37 | T5: =SUM(K5:M5) -> 0 | U5: =SUM(N5:P5) -> 0 | V5: =SUM(E5:J5) -> 4653726.3 | W5: =SUM(K5:P5) -> 0 | X5: =Q5/$Q$37 -> 0.41309454 | Z5: Olefins | AA5: =E5/$AA$1 -> 43542.582 | AB5: =F5/$AB$1 -> 44738.854 | AC5: =G5/$AC$1 -> 36842.581 | AD5: =H5/$AD$1 -> 30303.279 | AE5: =I5/$AE$1 -> 0 | AF5: =J5/$AF$1 -> 0 | AG5: =K5/$AG$1 -> 0 | AH5: =L5/$AH$1 -> 0 | AI5: =M5/$AI$1 -> 0 | AJ5: =N5/$AJ$1 -> 0 | AK5: =O5/$AK$1 -> 0 | AL5: =P5/$AL$1 -> 0 | AM5: =Q5/$AM$1 -> 150120.2
B6: TPC RY | C6: m3 | E6: =[1]in!$D$588 -> 266961.03 | F6: =[1]in!$E$588 -> 243445.99 | G6: =[1]in!$F$588 -> 260259.62 | H6: =[1]in!$H$588 -> 239726.65 | I6: =[1]in!$I$588 -> 0 | J6: =[1]in!$J$588 -> 0 | K6: =[1]in!$L$588 -> 0 | L6: =[1]in!$M$588 -> 0 | M6: =[1]in!$N$588 -> 0 | N6: =[1]in!$P$588 -> 0 | O6: =[1]in!$Q$588 -> 0 | P6: =[1]in!$R$588 -> 0 | Q6: =SUM(E6:P6) -> 1010393.3 | R6: =SUM(E6:G6) -> 770666.64 | S6: =SUM(H6:J6) -> 239726.65 | T6: =SUM(K6:M6) -> 0 | U6: =SUM(N6:P6) -> 0 | V6: =SUM(E6:J6) -> 1010393.3 | W6: =SUM(K6:P6) -> 0 | X6: =Q6/$Q$37 -> 0.089688977 | Z6: TPC RY | AA6: =E6/$AA$1 -> 8611.6461 | AB6: =F6/$AB$1 -> 8694.4996 | AC6: =G6/$AC$1 -> 8395.4716 | AD6: =H6/$AD$1 -> 7990.8883 | AE6: =I6/$AE$1 -> 0 | AF6: =J6/$AF$1 -> 0 | AG6: =K6/$AG$1 -> 0 | AH6: =L6/$AH$1 -> 0 | AI6: =M6/$AI$1 -> 0 | AJ6: =N6/$AJ$1 -> 0 | AK6: =O6/$AK$1 -> 0 | AL6: =P6/$AL$1 -> 0 | AM6: =Q6/$AM$1 -> 32593.332
B7: TPE | C7: m3 | E7: =[1]in!$D$594 -> 269064.16 | F7: =[1]in!$E$594 -> 256666.31 | G7: =[1]in!$F$594 -> 212195.2 | H7: =[1]in!$H$594 -> 210543.42 | I7: =[1]in!$I$594 -> 0 | J7: =[1]in!$J$594 -> 0 | K7: =[1]in!$L$594 -> 0 | L7: =[1]in!$M$594 -> 0 | M7: =[1]in!$N$594 -> 0 | N7: =[1]in!$P$594 -> 0 | O7: =[1]in!$Q$594 -> 0 | P7: =[1]in!$R$594 -> 0 | Q7: =SUM(E7:P7) -> 948469.09 | R7: =SUM(E7:G7) -> 737925.67 | S7: =SUM(H7:J7) -> 210543.42 | T7: =SUM(K7:M7) -> 0 | U7: =SUM(N7:P7) -> 0 | V7: =SUM(E7:J7) -> 948469.09 | W7: =SUM(K7:P7) -> 0 | X7: =Q7/$Q$37 -> 0.084192189 | Z7: TPE | AA7: =E7/$AA$1 -> 8679.489 | AB7: =F7/$AB$1 -> 9166.6539 | AC7: =G7/$AC$1 -> 6845.0065 | AD7: =H7/$AD$1 -> 7018.114 | AE7: =I7/$AE$1 -> 0 | AF7: =J7/$AF$1 -> 0 | AG7: =K7/$AG$1 -> 0 | AH7: =L7/$AH$1 -> 0 | AI7: =M7/$AI$1 -> 0 | AJ7: =N7/$AJ$1 -> 0 | AK7: =O7/$AK$1 -> 0 | AL7: =P7/$AL$1 -> 0 | AM7: =Q7/$AM$1 -> 30595.777
B8: NPI RY | C8: m3 | E8: =[1]in!$D$600 -> 5315 | F8: =[1]in!$E$600 -> 4987 | G8: =[1]in!$F$600 -> 6000 | H8: =[1]in!$H$600 -> 4871 | I8: =[1]in!$I$600 -> 0 | J8: =[1]in!$J$600 -> 0 | K8: =[1]in!$L$600 -> 0 | L8: =[1]in!$M$600 -> 0 | M8: =[1]in!$N$600 -> 0 | N8: =[1]in!$P$600 -> 0 | O8: =[1]in!$Q$600 -> 0 | P8: =[1]in!$R$600 -> 0 | Q8: =SUM(E8:P8) -> 21173 | R8: =SUM(E8:G8) -> 16302 | S8: =SUM(H8:J8) -> 4871 | T8: =SUM(K8:M8) -> 0 | U8: =SUM(N8:P8) -> 0 | V8: =SUM(E8:J8) -> 21173 | W8: =SUM(K8:P8) -> 0 | X8: =Q8/$Q$37 -> 0.001879451 | Z8: NPI RY | AA8: =E8/$AA$1 -> 171.45161 | AB8: =F8/$AB$1 -> 178.10714 | AC8: =G8/$AC$1 -> 193.54839 | AD8: =H8/$AD$1 -> 162.36667 | AE8: =I8/$AE$1 -> 0 | AF8: =J8/$AF$1 -> 0 | AG8: =K8/$AG$1 -> 0 | AH8: =L8/$AH$1 -> 0 | AI8: =M8/$AI$1 -> 0 | AJ8: =N8/$AJ$1 -> 0 | AK8: =O8/$AK$1 -> 0 | AL8: =P8/$AL$1 -> 0 | AM8: =Q8/$AM$1 -> 683
B9: NPI SB | C9: m3 | E9: =[1]in!$D$601 -> 4804 | F9: =[1]in!$E$601 -> 4810 | G9: =[1]in!$F$601 -> 5720 | H9: =[1]in!$H$601 -> 4745 | I9: =[1]in!$I$601 -> 0 | J9: =[1]in!$J$601 -> 0 | K9: =[1]in!$L$601 -> 0 | L9: =[1]in!$M$601 -> 0 | M9: =[1]in!$N$601 -> 0 | N9: =[1]in!$P$601 -> 0 | O9: =[1]in!$Q$601 -> 0 | P9: =[1]in!$R$601 -> 0 | Q9: =SUM(E9:P9) -> 20079 | R9: =SUM(E9:G9) -> 15334 | S9: =SUM(H9:J9) -> 4745 | T9: =SUM(K9:M9) -> 0 | U9: =SUM(N9:P9) -> 0 | V9: =SUM(E9:J9) -> 20079 | W9: =SUM(K9:P9) -> 0 | X9: =Q9/$Q$37 -> 0.0017823406 | Z9: NPI SB | AA9: =E9/$AA$1 -> 154.96774 | AB9: =F9/$AB$1 -> 171.78571 | AC9: =G9/$AC$1 -> 184.51613 | AD9: =H9/$AD$1 -> 158.16667 | AE9: =I9/$AE$1 -> 0 | AF9: =J9/$AF$1 -> 0 | AG9: =K9/$AG$1 -> 0 | AH9: =L9/$AH$1 -> 0 | AI9: =M9/$AI$1 -> 0 | AJ9: =N9/$AJ$1 -> 0 | AK9: =O9/$AK$1 -> 0 | AL9: =P9/$AL$1 -> 0 | AM9: =Q9/$AM$1 -> 647.70968
B10: SCGC ICO | C10: m3 | E10: =[1]in!$D$603 -> 293.062 | F10: =[1]in!$E$603 -> 431.433 | G10: =[1]in!$F$603 -> 196.124 | H10: =[1]in!$H$603 -> 253.811 | I10: =[1]in!$I$603 -> 0 | J10: =[1]in!$J$603 -> 0 | K10: =[1]in!$L$603 -> 0 | L10: =[1]in!$M$603 -> 0 | M10: =[1]in!$N$603 -> 0 | N10: =[1]in!$P$603 -> 0 | O10: =[1]in!$Q$603 -> 0 | P10: =[1]in!$R$603 -> 0 | Q10: =SUM(E10:P10) -> 1174.43 | R10: =SUM(E10:G10) -> 920.619 | S10: =SUM(H10:J10) -> 253.811 | T10: =SUM(K10:M10) -> 0 | U10: =SUM(N10:P10) -> 0 | V10: =SUM(E10:J10) -> 1174.43 | W10: =SUM(K10:P10) -> 0 | X10: =Q10/$Q$37 -> 0.00010424993 | Z10: SCGC ICO | AA10: =E10/$AA$1 -> 9.4536129 | AB10: =F10/$AB$1 -> 15.408321 | AC10: =G10/$AC$1 -> 6.3265806 | AD10: =H10/$AD$1 -> 8.4603667 | AE10: =I10/$AE$1 -> 0 | AF10: =J10/$AF$1 -> 0 | AG10: =K10/$AG$1 -> 0 | AH10: =L10/$AH$1 -> 0 | AI10: =M10/$AI$1 -> 0 | AJ10: =N10/$AJ$1 -> 0 | AK10: =O10/$AK$1 -> 0 | AL10: =P10/$AL$1 -> 0 | AM10: =Q10/$AM$1 -> 37.884839
B11: Cirplas | C11: m3 | E11: =[1]in!$D$617 -> 680 | F11: =[1]in!$E$617 -> 536.4 | G11: =[1]in!$F$617 -> 520.8 | H11: =[1]in!$H$617 -> 732.2 | I11: =[1]in!$I$617 -> 0 | J11: =[1]in!$J$617 -> 0 | K11: =[1]in!$L$617 -> 0 | L11: =[1]in!$M$617 -> 0 | M11: =[1]in!$N$617 -> 0 | N11: =[1]in!$P$617 -> 0 | O11: =[1]in!$Q$617 -> 0 | P11: =[1]in!$R$617 -> 0 | Q11: =SUM(E11:P11) -> 2469.4 | R11: =SUM(E11:G11) -> 1737.2 | S11: =SUM(H11:J11) -> 732.2 | T11: =SUM(K11:M11) -> 0 | U11: =SUM(N11:P11) -> 0 | V11: =SUM(E11:J11) -> 2469.4 | W11: =SUM(K11:P11) -> 0 | X11: =Q11/$Q$37 -> 0.00021919975 | Z11: Cirplas | AA11: =E11/$AA$1 -> 21.935484 | AB11: =F11/$AB$1 -> 19.157143 | AC11: =G11/$AC$1 -> 16.8 | AD11: =H11/$AD$1 -> 24.406667 | AE11: =I11/$AE$1 -> 0 | AF11: =J11/$AF$1 -> 0 | AG11: =K11/$AG$1 -> 0 | AH11: =L11/$AH$1 -> 0 | AI11: =M11/$AI$1 -> 0 | AJ11: =N11/$AJ$1 -> 0 | AK11: =O11/$AK$1 -> 0 | AL11: =P11/$AL$1 -> 0 | AM11: =Q11/$AM$1 -> 79.658065
B12: Teamplas | C12: m3 | E12: =[1]in!$D$619 -> 1250 | F12: =[1]in!$E$619 -> 1144 | G12: =[1]in!$F$619 -> 1294 | H12: =[1]in!$H$619 -> 956 | I12: =[1]in!$I$619 -> 0 | J12: =[1]in!$J$619 -> 0 | K12: =[1]in!$L$619 -> 0 | L12: =[1]in!$M$619 -> 0 | M12: =[1]in!$N$619 -> 0 | N12: =[1]in!$P$619 -> 0 | O12: =[1]in!$Q$619 -> 0 | P12: =[1]in!$R$619 -> 0 | Q12: =SUM(E12:P12) -> 4644 | R12: =SUM(E12:G12) -> 3688 | S12: =SUM(H12:J12) -> 956 | T12: =SUM(K12:M12) -> 0 | U12: =SUM(N12:P12) -> 0 | V12: =SUM(E12:J12) -> 4644 | W12: =SUM(K12:P12) -> 0 | X12: =Q12/$Q$37 -> 0.00041223117 | Z12: Teamplas | AA12: =E12/$AA$1 -> 40.322581 | AB12: =F12/$AB$1 -> 40.857143 | AC12: =G12/$AC$1 -> 41.741935 | AD12: =H12/$AD$1 -> 31.866667 | AE12: =I12/$AE$1 -> 0 | AF12: =J12/$AF$1 -> 0 | AG12: =K12/$AG$1 -> 0 | AH12: =L12/$AH$1 -> 0 | AI12: =M12/$AI$1 -> 0 | AJ12: =N12/$AJ$1 -> 0 | AK12: =O12/$AK$1 -> 0 | AL12: =P12/$AL$1 -> 0 | AM12: =Q12/$AM$1 -> 149.80645
B13: MTT | C13: m3 | E13: =[1]in!$D$609 -> 4456.18 | F13: =[1]in!$E$609 -> 3336.78 | G13: =[1]in!$F$609 -> 4341.72 | H13: =[1]in!$H$609 -> 54149.3 | I13: =[1]in!$I$609 -> 0 | J13: =[1]in!$J$609 -> 0 | K13: =[1]in!$L$609 -> 0 | L13: =[1]in!$M$609 -> 0 | M13: =[1]in!$N$609 -> 0 | N13: =[1]in!$P$609 -> 0 | O13: =[1]in!$Q$609 -> 0 | P13: =[1]in!$R$609 -> 0 | Q13: =SUM(E13:P13) -> 66283.98 | R13: =SUM(E13:G13) -> 12134.68 | S13: =SUM(H13:J13) -> 54149.3 | T13: =SUM(K13:M13) -> 0 | U13: =SUM(N13:P13) -> 0 | V13: =SUM(E13:J13) -> 66283.98 | W13: =SUM(K13:P13) -> 0 | X13: =Q13/$Q$37 -> 0.0058837904 | Z13: MTT | AA13: =E13/$AA$1 -> 143.74774 | AB13: =F13/$AB$1 -> 119.17071 | AC13: =G13/$AC$1 -> 140.05548 | AD13: =H13/$AD$1 -> 1804.9767 | AE13: =I13/$AE$1 -> 0 | AF13: =J13/$AF$1 -> 0 | AG13: =K13/$AG$1 -> 0 | AH13: =L13/$AH$1 -> 0 | AI13: =M13/$AI$1 -> 0 | AJ13: =N13/$AJ$1 -> 0 | AK13: =O13/$AK$1 -> 0 | AL13: =P13/$AL$1 -> 0 | AM13: =Q13/$AM$1 -> 2138.1929
B14: TMMA | C14: m3 | E14: =[1]in!$D$592 -> 129295 | F14: =[1]in!$E$592 -> 139864 | G14: =[1]in!$F$592 -> 160619 | H14: =[1]in!$H$592 -> 152281 | I14: =[1]in!$I$592 -> 0 | J14: =[1]in!$J$592 -> 0 | K14: =[1]in!$L$592 -> 0 | L14: =[1]in!$M$592 -> 0 | M14: =[1]in!$N$592 -> 0 | N14: =[1]in!$P$592 -> 0 | O14: =[1]in!$Q$592 -> 0 | P14: =[1]in!$R$592 -> 0 | Q14: =SUM(E14:P14) -> 582059 | R14: =SUM(E14:G14) -> 429778 | S14: =SUM(H14:J14) -> 152281 | T14: =SUM(K14:M14) -> 0 | U14: =SUM(N14:P14) -> 0 | V14: =SUM(E14:J14) -> 582059 | W14: =SUM(K14:P14) -> 0 | X14: =Q14/$Q$36 -> 0.048900051 | Z14: TMMA | AA14: =E14/$AA$1 -> 4170.8065 | AB14: =F14/$AB$1 -> 4995.1429 | AC14: =G14/$AC$1 -> 5181.2581 | AD14: =H14/$AD$1 -> 5076.0333 | AE14: =I14/$AE$1 -> 0 | AF14: =J14/$AF$1 -> 0 | AG14: =K14/$AG$1 -> 0 | AH14: =L14/$AH$1 -> 0 | AI14: =M14/$AI$1 -> 0 | AJ14: =N14/$AJ$1 -> 0 | AK14: =O14/$AK$1 -> 0 | AL14: =P14/$AL$1 -> 0 | AM14: =Q14/$AM$1 -> 18776.097
B15: GSC | C15: m3 | E15: =[1]in!$D$599 -> 6055 | F15: =[1]in!$E$599 -> 5568 | G15: =[1]in!$F$599 -> 6048 | H15: =[1]in!$H$599 -> 6021 | I15: =[1]in!$I$599 -> 0 | J15: =[1]in!$J$599 -> 0 | K15: =[1]in!$L$599 -> 0 | L15: =[1]in!$M$599 -> 0 | M15: =[1]in!$N$599 -> 0 | N15: =[1]in!$P$599 -> 0 | O15: =[1]in!$Q$599 -> 0 | P15: =[1]in!$R$599 -> 0 | Q15: =SUM(E15:P15) -> 23692 | R15: =SUM(E15:G15) -> 17671 | S15: =SUM(H15:J15) -> 6021 | T15: =SUM(K15:M15) -> 0 | U15: =SUM(N15:P15) -> 0 | V15: =SUM(E15:J15) -> 23692 | W15: =SUM(K15:P15) -> 0 | X15: =Q15/$Q$36 -> 0.0019904168 | Z15: GSC | AA15: =E15/$AA$1 -> 195.32258 | AB15: =F15/$AB$1 -> 198.85714 | AC15: =G15/$AC$1 -> 195.09677 | AD15: =H15/$AD$1 -> 200.7 | AE15: =I15/$AE$1 -> 0 | AF15: =J15/$AF$1 -> 0 | AG15: =K15/$AG$1 -> 0 | AH15: =L15/$AH$1 -> 0 | AI15: =M15/$AI$1 -> 0 | AJ15: =N15/$AJ$1 -> 0 | AK15: =O15/$AK$1 -> 0 | AL15: =P15/$AL$1 -> 0 | AM15: =Q15/$AM$1 -> 764.25806
B16: STC | C16: m3 | E16: =[1]in!$D$604 -> 1259 | F16: =[1]in!$E$604 -> 1029 | G16: =[1]in!$F$604 -> 1128 | H16: =[1]in!$H$604 -> 992 | I16: =[1]in!$I$604 -> 0 | J16: =[1]in!$J$604 -> 0 | K16: =[1]in!$L$604 -> 0 | L16: =[1]in!$M$604 -> 0 | M16: =[1]in!$N$604 -> 0 | N16: =[1]in!$P$604 -> 0 | O16: =[1]in!$Q$604 -> 0 | P16: =[1]in!$R$604 -> 0 | Q16: =SUM(E16:P16) -> 4408 | R16: =SUM(E16:G16) -> 3416 | S16: =SUM(H16:J16) -> 992 | T16: =SUM(K16:M16) -> 0 | U16: =SUM(N16:P16) -> 0 | V16: =SUM(E16:J16) -> 4408 | W16: =SUM(K16:P16) -> 0 | X16: =Q16/$Q$36 -> 0.00037032573 | Z16: STC | AA16: =E16/$AA$1 -> 40.612903 | AB16: =F16/$AB$1 -> 36.75 | AC16: =G16/$AC$1 -> 36.387097 | AD16: =H16/$AD$1 -> 33.066667 | AE16: =I16/$AE$1 -> 0 | AF16: =J16/$AF$1 -> 0 | AG16: =K16/$AG$1 -> 0 | AH16: =L16/$AH$1 -> 0 | AI16: =M16/$AI$1 -> 0 | AJ16: =N16/$AJ$1 -> 0 | AK16: =O16/$AK$1 -> 0 | AL16: =P16/$AL$1 -> 0 | AM16: =Q16/$AM$1 -> 142.19355
B17: TMFC | C17: m3 | E17: =[1]in!$D$605 -> 3651 | F17: =[1]in!$E$605 -> 3235 | G17: =[1]in!$F$605 -> 3659 | H17: =[1]in!$H$605 -> 3938 | I17: =[1]in!$I$605 -> 0 | J17: =[1]in!$J$605 -> 0 | K17: =[1]in!$L$605 -> 0 | L17: =[1]in!$M$605 -> 0 | M17: =[1]in!$N$605 -> 0 | N17: =[1]in!$P$605 -> 0 | O17: =[1]in!$Q$605 -> 0 | P17: =[1]in!$R$605 -> 0 | Q17: =SUM(E17:P17) -> 14483 | R17: =SUM(E17:G17) -> 10545 | S17: =SUM(H17:J17) -> 3938 | T17: =SUM(K17:M17) -> 0 | U17: =SUM(N17:P17) -> 0 | V17: =SUM(E17:J17) -> 14483 | W17: =SUM(K17:P17) -> 0 | X17: =Q17/$Q$36 -> 0.0012167485 | Z17: TMFC | AA17: =E17/$AA$1 -> 117.77419 | AB17: =F17/$AB$1 -> 115.53571 | AC17: =G17/$AC$1 -> 118.03226 | AD17: =H17/$AD$1 -> 131.26667 | AE17: =I17/$AE$1 -> 0 | AF17: =J17/$AF$1 -> 0 | AG17: =K17/$AG$1 -> 0 | AH17: =L17/$AH$1 -> 0 | AI17: =M17/$AI$1 -> 0 | AJ17: =N17/$AJ$1 -> 0 | AK17: =O17/$AK$1 -> 0 | AL17: =P17/$AL$1 -> 0 | AM17: =Q17/$AM$1 -> 467.19355
B18: RTC | C18: m3 | E18: =[1]in!$D$612 -> 705 | F18: =[1]in!$E$612 -> 10472 | G18: =[1]in!$F$612 -> 741 | H18: =[1]in!$H$612 -> 951 | I18: =[1]in!$I$612 -> 0 | J18: =[1]in!$J$612 -> 0 | K18: =[1]in!$L$612 -> 0 | L18: =[1]in!$M$612 -> 0 | M18: =[1]in!$N$612 -> 0 | N18: =[1]in!$P$612 -> 0 | O18: =[1]in!$Q$612 -> 0 | P18: =[1]in!$R$612 -> 0 | Q18: =SUM(E18:P18) -> 12869 | R18: =SUM(E18:G18) -> 11918 | S18: =SUM(H18:J18) -> 951 | T18: =SUM(K18:M18) -> 0 | U18: =SUM(N18:P18) -> 0 | V18: =SUM(E18:J18) -> 12869 | W18: =SUM(K18:P18) -> 0 | X18: =Q18/$Q$36 -> 0.0010811529 | Z18: RTC | AA18: =E18/$AA$1 -> 22.741935 | AB18: =F18/$AB$1 -> 374 | AC18: =G18/$AC$1 -> 23.903226 | AD18: =H18/$AD$1 -> 31.7 | AE18: =I18/$AE$1 -> 0 | AF18: =J18/$AF$1 -> 0 | AG18: =K18/$AG$1 -> 0 | AH18: =L18/$AH$1 -> 0 | AI18: =M18/$AI$1 -> 0 | AJ18: =N18/$AJ$1 -> 0 | AK18: =O18/$AK$1 -> 0 | AL18: =P18/$AL$1 -> 0 | AM18: =Q18/$AM$1 -> 415.12903
B19: MOC Energy | C19: m3 | E19: =[1]in!$D$614 -> 14562 | F19: =[1]in!$E$614 -> 13629 | G19: =[1]in!$F$614 -> 13787 | H19: =[1]in!$H$614 -> 14040 | I19: =[1]in!$I$614 -> 0 | J19: =[1]in!$J$614 -> 0 | K19: =[1]in!$L$614 -> 0 | L19: =[1]in!$M$614 -> 0 | M19: =[1]in!$N$614 -> 0 | N19: =[1]in!$P$614 -> 0 | O19: =[1]in!$Q$614 -> 0 | P19: =[1]in!$R$614 -> 0 | Q19: =SUM(E19:P19) -> 56018 | R19: =SUM(E19:G19) -> 41978 | S19: =SUM(H19:J19) -> 14040 | T19: =SUM(K19:M19) -> 0 | U19: =SUM(N19:P19) -> 0 | V19: =SUM(E19:J19) -> 56018 | W19: =SUM(K19:P19) -> 0 | X19: =Q19/$Q$37 -> 0.0049725163 | Z19: MOC Energy | AA19: =E19/$AA$1 -> 469.74194 | AB19: =F19/$AB$1 -> 486.75 | AC19: =G19/$AC$1 -> 444.74194 | AD19: =H19/$AD$1 -> 468 | AE19: =I19/$AE$1 -> 0 | AF19: =J19/$AF$1 -> 0 | AG19: =K19/$AG$1 -> 0 | AH19: =L19/$AH$1 -> 0 | AI19: =M19/$AI$1 -> 0 | AJ19: =N19/$AJ$1 -> 0 | AK19: =O19/$AK$1 -> 0 | AL19: =P19/$AL$1 -> 0 | AM19: =Q19/$AM$1 -> 1807.0323 | AN19: =SUM(AM19:AM20) -> 2711.5415
B20: ROC Energy | C20: m3 | E20: =[1]in!$D$615 -> 9814.831 | F20: =[1]in!$E$615 -> 10984.09 | G20: =[1]in!$F$615 -> 7240.867 | H20: =[1]in!$H$615 -> 0 | I20: =[1]in!$I$615 -> 0 | J20: =[1]in!$J$615 -> 0 | K20: =[1]in!$L$615 -> 0 | L20: =[1]in!$M$615 -> 0 | M20: =[1]in!$N$615 -> 0 | N20: =[1]in!$P$615 -> 0 | O20: =[1]in!$Q$615 -> 0 | P20: =[1]in!$R$615 -> 0 | Q20: =SUM(E20:P20) -> 28039.788 | R20: =SUM(E20:G20) -> 28039.788 | S20: =SUM(H20:J20) -> 0 | T20: =SUM(K20:M20) -> 0 | U20: =SUM(N20:P20) -> 0 | V20: =SUM(E20:J20) -> 28039.788 | W20: =SUM(K20:P20) -> 0 | X20: =Q20/$Q$37 -> 0.0024889911 | Z20: ROC Energy | AA20: =E20/$AA$1 -> 316.60745 | AB20: =F20/$AB$1 -> 392.28893 | AC20: =G20/$AC$1 -> 233.57635 | AD20: =H20/$AD$1 -> 0 | AE20: =I20/$AE$1 -> 0 | AF20: =J20/$AF$1 -> 0 | AG20: =K20/$AG$1 -> 0 | AH20: =L20/$AH$1 -> 0 | AI20: =M20/$AI$1 -> 0 | AJ20: =N20/$AJ$1 -> 0 | AK20: =O20/$AK$1 -> 0 | AL20: =P20/$AL$1 -> 0 | AM20: =Q20/$AM$1 -> 904.50929
A21: Abroad | B21: Chemtech | C21: m3 | E21: =[1]in!$D$586 -> 408 | F21: =[1]in!$E$586 -> 264 | G21: =[1]in!$F$586 -> 285 | H21: =[1]in!$H$586 -> 339 | I21: =[1]in!$I$586 -> 0 | J21: =[1]in!$J$586 -> 0 | K21: =[1]in!$L$586 -> 0 | L21: =[1]in!$M$586 -> 0 | M21: =[1]in!$N$586 -> 0 | N21: =[1]in!$P$586 -> 0 | O21: =[1]in!$Q$586 -> 0 | P21: =[1]in!$R$586 -> 0 | Q21: =SUM(E21:P21) -> 1296 | R21: =SUM(E21:G21) -> 957 | S21: =SUM(H21:J21) -> 339 | T21: =SUM(K21:M21) -> 0 | U21: =SUM(N21:P21) -> 0 | V21: =SUM(E21:J21) -> 1296 | W21: =SUM(K21:P21) -> 0 | X21: =Q21/$Q$37 -> 0.00011504126 | Z21: Chemtech | AA21: =E21/$AA$1 -> 13.16129 | AB21: =F21/$AB$1 -> 9.4285714 | AC21: =G21/$AC$1 -> 9.1935484 | AD21: =H21/$AD$1 -> 11.3 | AE21: =I21/$AE$1 -> 0 | AF21: =J21/$AF$1 -> 0 | AG21: =K21/$AG$1 -> 0 | AH21: =L21/$AH$1 -> 0 | AI21: =M21/$AI$1 -> 0 | AJ21: =N21/$AJ$1 -> 0 | AK21: =O21/$AK$1 -> 0 | AL21: =P21/$AL$1 -> 0 | AM21: =Q21/$AM$1 -> 41.806452
B22: TPC Indo | C22: m3 | E22: =[1]in!$D$587 -> 17617 | F22: =[1]in!$E$587 -> 24289 | G22: =[1]in!$F$587 -> 19923 | H22: =[1]in!$H$587 -> 0 | I22: =[1]in!$I$587 -> 0 | J22: =[1]in!$J$587 -> 0 | K22: =[1]in!$L$587 -> 0 | L22: =[1]in!$M$587 -> 0 | M22: =[1]in!$N$587 -> 0 | N22: =[1]in!$P$587 -> 0 | O22: =[1]in!$Q$587 -> 0 | P22: =[1]in!$R$587 -> 0 | Q22: =SUM(E22:P22) -> 61829 | R22: =SUM(E22:G22) -> 61829 | S22: =SUM(H22:J22) -> 0 | T22: =SUM(K22:M22) -> 0 | U22: =SUM(N22:P22) -> 0 | V22: =SUM(E22:J22) -> 61829 | W22: =SUM(K22:P22) -> 0 | X22: =Q22/$Q$37 -> 0.0054883379 | Z22: TPC Indo | AA22: =E22/$AA$1 -> 568.29032 | AB22: =F22/$AB$1 -> 867.46429 | AC22: =G22/$AC$1 -> 642.67742 | AD22: =H22/$AD$1 -> 0 | AE22: =I22/$AE$1 -> 0 | AF22: =J22/$AF$1 -> 0 | AG22: =K22/$AG$1 -> 0 | AH22: =L22/$AH$1 -> 0 | AI22: =M22/$AI$1 -> 0 | AJ22: =N22/$AJ$1 -> 0 | AK22: =O22/$AK$1 -> 0 | AL22: =P22/$AL$1 -> 0 | AM22: =Q22/$AM$1 -> 1994.4839
B23: TPC Vina | C23: m3 | E23: =[1]in!$D$589 -> 59914 | F23: =[1]in!$E$589 -> 36951 | G23: =[1]in!$F$589 -> 43063 | H23: =[1]in!$H$589 -> 38860 | I23: =[1]in!$I$589 -> 0 | J23: =[1]in!$J$589 -> 0 | K23: =[1]in!$L$589 -> 0 | L23: =[1]in!$M$589 -> 0 | M23: =[1]in!$N$589 -> 0 | N23: =[1]in!$P$589 -> 0 | O23: =[1]in!$Q$589 -> 0 | P23: =[1]in!$R$589 -> 0 | Q23: =SUM(E23:P23) -> 178788 | R23: =SUM(E23:G23) -> 139928 | S23: =SUM(H23:J23) -> 38860 | T23: =SUM(K23:M23) -> 0 | U23: =SUM(N23:P23) -> 0 | V23: =SUM(E23:J23) -> 178788 | W23: =SUM(K23:P23) -> 0 | X23: =Q23/$Q$37 -> 0.015870368 | Z23: TPC Vina | AA23: =E23/$AA$1 -> 1932.7097 | AB23: =F23/$AB$1 -> 1319.6786 | AC23: =G23/$AC$1 -> 1389.129 | AD23: =H23/$AD$1 -> 1295.3333 | AE23: =I23/$AE$1 -> 0 | AF23: =J23/$AF$1 -> 0 | AG23: =K23/$AG$1 -> 0 | AH23: =L23/$AH$1 -> 0 | AI23: =M23/$AI$1 -> 0 | AJ23: =N23/$AJ$1 -> 0 | AK23: =O23/$AK$1 -> 0 | AL23: =P23/$AL$1 -> 0 | AM23: =Q23/$AM$1 -> 5767.3548
B24: Viet-Thai | C24: m3 | E24: =[1]in!$D$590 -> 475 | F24: =[1]in!$E$590 -> 308 | G24: =[1]in!$F$590 -> 438 | H24: =[1]in!$H$590 -> 414 | I24: =[1]in!$I$590 -> 0 | J24: =[1]in!$J$590 -> 0 | K24: =[1]in!$L$590 -> 0 | L24: =[1]in!$M$590 -> 0 | M24: =[1]in!$N$590 -> 0 | N24: =[1]in!$P$590 -> 0 | O24: =[1]in!$Q$590 -> 0 | P24: =[1]in!$R$590 -> 0 | Q24: =SUM(E24:P24) -> 1635 | R24: =SUM(E24:G24) -> 1221 | S24: =SUM(H24:J24) -> 414 | T24: =SUM(K24:M24) -> 0 | U24: =SUM(N24:P24) -> 0 | V24: =SUM(E24:J24) -> 1635 | W24: =SUM(K24:P24) -> 0 | X24: =Q24/$Q$37 -> 0.00014513307 | Z24: Viet-Thai | AA24: =E24/$AA$1 -> 15.322581 | AB24: =F24/$AB$1 -> 11 | AC24: =G24/$AC$1 -> 14.129032 | AD24: =H24/$AD$1 -> 13.8 | AE24: =I24/$AE$1 -> 0 | AF24: =J24/$AF$1 -> 0 | AG24: =K24/$AG$1 -> 0 | AH24: =L24/$AH$1 -> 0 | AI24: =M24/$AI$1 -> 0 | AJ24: =N24/$AJ$1 -> 0 | AK24: =O24/$AK$1 -> 0 | AL24: =P24/$AL$1 -> 0 | AM24: =Q24/$AM$1 -> 52.741935
B25: BMP | C25: m3 | E25: =[1]in!$D$597 -> 3507 | F25: =[1]in!$E$597 -> 3049 | G25: =[1]in!$F$597 -> 3619 | H25: =[1]in!$H$597 -> 0 | I25: =[1]in!$I$597 -> 0 | J25: =[1]in!$J$597 -> 0 | K25: =[1]in!$L$597 -> 0 | L25: =[1]in!$M$597 -> 0 | M25: =[1]in!$N$597 -> 0 | N25: =[1]in!$P$597 -> 0 | O25: =[1]in!$Q$597 -> 0 | P25: =[1]in!$R$597 -> 0 | Q25: =SUM(E25:P25) -> 10175 | R25: =SUM(E25:G25) -> 10175 | S25: =SUM(H25:J25) -> 0 | T25: =SUM(K25:M25) -> 0 | U25: =SUM(N25:P25) -> 0 | V25: =SUM(E25:J25) -> 10175 | W25: =SUM(K25:P25) -> 0 | X25: =Q25/$Q$37 -> 0.00090319814 | Z25: BMP | AA25: =E25/$AA$1 -> 113.12903 | AB25: =F25/$AB$1 -> 108.89286 | AC25: =G25/$AC$1 -> 116.74194 | AD25: =H25/$AD$1 -> 0 | AE25: =I25/$AE$1 -> 0 | AF25: =J25/$AF$1 -> 0 | AG25: =K25/$AG$1 -> 0 | AH25: =L25/$AH$1 -> 0 | AI25: =M25/$AI$1 -> 0 | AJ25: =N25/$AJ$1 -> 0 | AK25: =O25/$AK$1 -> 0 | AL25: =P25/$AL$1 -> 0 | AM25: =Q25/$AM$1 -> 328.22581
B26: NPIC | C26: m3 | E26: =[1]in!$D$602 -> 356 | F26: =[1]in!$E$602 -> 378 | G26: =[1]in!$F$602 -> 589 | H26: =[1]in!$H$602 -> 418 | I26: =[1]in!$I$602 -> 0 | J26: =[1]in!$J$602 -> 0 | K26: =[1]in!$L$602 -> 0 | L26: =[1]in!$M$602 -> 0 | M26: =[1]in!$N$602 -> 0 | N26: =[1]in!$P$602 -> 0 | O26: =[1]in!$Q$602 -> 0 | P26: =[1]in!$R$602 -> 0 | Q26: =SUM(E26:P26) -> 1741 | R26: =SUM(E26:G26) -> 1323 | S26: =SUM(H26:J26) -> 418 | T26: =SUM(K26:M26) -> 0 | U26: =SUM(N26:P26) -> 0 | V26: =SUM(E26:J26) -> 1741 | W26: =SUM(K26:P26) -> 0 | X26: =Q26/$Q$37 -> 0.00015454231 | Z26: NPIC | AA26: =E26/$AA$1 -> 11.483871 | AB26: =F26/$AB$1 -> 13.5 | AC26: =G26/$AC$1 -> 19 | AD26: =H26/$AD$1 -> 13.933333 | AE26: =I26/$AE$1 -> 0 | AF26: =J26/$AF$1 -> 0 | AG26: =K26/$AG$1 -> 0 | AH26: =L26/$AH$1 -> 0 | AI26: =M26/$AI$1 -> 0 | AJ26: =N26/$AJ$1 -> 0 | AK26: =O26/$AK$1 -> 0 | AL26: =P26/$AL$1 -> 0 | AM26: =Q26/$AM$1 -> 56.16129
B27: NBM | C27: m3 | E27: =[1]in!$D$606 -> 1522 | F27: =[1]in!$E$606 -> 1117 | G27: =[1]in!$F$606 -> 1610 | H27: =[1]in!$H$606 -> 1764 | I27: =[1]in!$I$606 -> 0 | J27: =[1]in!$J$606 -> 0 | K27: =[1]in!$L$606 -> 0 | L27: =[1]in!$M$606 -> 0 | M27: =[1]in!$N$606 -> 0 | N27: =[1]in!$P$606 -> 0 | O27: =[1]in!$Q$606 -> 0 | P27: =[1]in!$R$606 -> 0 | Q27: =SUM(E27:P27) -> 6013 | R27: =SUM(E27:G27) -> 4249 | S27: =SUM(H27:J27) -> 1764 | T27: =SUM(K27:M27) -> 0 | U27: =SUM(N27:P27) -> 0 | V27: =SUM(E27:J27) -> 6013 | W27: =SUM(K27:P27) -> 0 | X27: =Q27/$Q$37 -> 0.00053375238 | Z27: NBM | AA27: =E27/$AA$1 -> 49.096774 | AB27: =F27/$AB$1 -> 39.892857 | AC27: =G27/$AC$1 -> 51.935484 | AD27: =H27/$AD$1 -> 58.8 | AE27: =I27/$AE$1 -> 0 | AF27: =J27/$AF$1 -> 0 | AG27: =K27/$AG$1 -> 0 | AH27: =L27/$AH$1 -> 0 | AI27: =M27/$AI$1 -> 0 | AJ27: =N27/$AJ$1 -> 0 | AK27: =O27/$AK$1 -> 0 | AL27: =P27/$AL$1 -> 0 | AM27: =Q27/$AM$1 -> 193.96774
B28: BNI | C28: m3 | E28: =[1]in!$D$607 -> 907 | F28: =[1]in!$E$607 -> 771 | G28: =[1]in!$F$607 -> 1005 | H28: =[1]in!$H$607 -> 718 | I28: =[1]in!$I$607 -> 0 | J28: =[1]in!$J$607 -> 0 | K28: =[1]in!$L$607 -> 0 | L28: =[1]in!$M$607 -> 0 | M28: =[1]in!$N$607 -> 0 | N28: =[1]in!$P$607 -> 0 | O28: =[1]in!$Q$607 -> 0 | P28: =[1]in!$R$607 -> 0 | Q28: =SUM(E28:P28) -> 3401 | R28: =SUM(E28:G28) -> 2683 | S28: =SUM(H28:J28) -> 718 | T28: =SUM(K28:M28) -> 0 | U28: =SUM(N28:P28) -> 0 | V28: =SUM(E28:J28) -> 3401 | W28: =SUM(K28:P28) -> 0 | X28: =Q28/$Q$37 -> 0.00030189453 | Z28: BNI | AA28: =E28/$AA$1 -> 29.258065 | AB28: =F28/$AB$1 -> 27.535714 | AC28: =G28/$AC$1 -> 32.419355 | AD28: =H28/$AD$1 -> 23.933333 | AE28: =I28/$AE$1 -> 0 | AF28: =J28/$AF$1 -> 0 | AG28: =K28/$AG$1 -> 0 | AH28: =L28/$AH$1 -> 0 | AI28: =M28/$AI$1 -> 0 | AJ28: =N28/$AJ$1 -> 0 | AK28: =O28/$AK$1 -> 0 | AL28: =P28/$AL$1 -> 0 | AM28: =Q28/$AM$1 -> 109.70968
B29: Sirplaste | C29: m3 | E29: =[1]in!$D$618 -> 2025 | F29: =[1]in!$E$618 -> 2003 | G29: =[1]in!$F$618 -> 1989 | H29: =[1]in!$H$618 -> 2069 | I29: =[1]in!$I$618 -> 0 | J29: =[1]in!$J$618 -> 0 | K29: =[1]in!$L$618 -> 0 | L29: =[1]in!$M$618 -> 0 | M29: =[1]in!$N$618 -> 0 | N29: =[1]in!$P$618 -> 0 | O29: =[1]in!$Q$618 -> 0 | P29: =[1]in!$R$618 -> 0 | Q29: =SUM(E29:P29) -> 8086 | R29: =SUM(E29:G29) -> 6017 | S29: =SUM(H29:J29) -> 2069 | T29: =SUM(K29:M29) -> 0 | U29: =SUM(N29:P29) -> 0 | V29: =SUM(E29:J29) -> 8086 | W29: =SUM(K29:P29) -> 0 | X29: =Q29/$Q$37 -> 0.00071776513 | Z29: Sirplaste | AA29: =E29/$AA$1 -> 65.322581 | AB29: =F29/$AB$1 -> 71.535714 | AC29: =G29/$AC$1 -> 64.16129 | AD29: =H29/$AD$1 -> 68.966667 | AE29: =I29/$AE$1 -> 0 | AF29: =J29/$AF$1 -> 0 | AG29: =K29/$AG$1 -> 0 | AH29: =L29/$AH$1 -> 0 | AI29: =M29/$AI$1 -> 0 | AJ29: =N29/$AJ$1 -> 0 | AK29: =O29/$AK$1 -> 0 | AL29: =P29/$AL$1 -> 0 | AM29: =Q29/$AM$1 -> 260.83871
B30: LSP - Up | C30: m3 | E30: =[1]in!$D$584 -> 717535.67 | F30: =[1]in!$E$584 -> 696930.17 | G30: =[1]in!$F$584 -> 820048.62 | H30: =[1]in!$H$584 -> 773580.87 | I30: =[1]in!$I$584 -> 0 | J30: =[1]in!$J$584 -> 0 | K30: =[1]in!$L$584 -> 0 | L30: =[1]in!$M$584 -> 0 | M30: =[1]in!$N$584 -> 0 | N30: =[1]in!$P$584 -> 0 | O30: =[1]in!$Q$584 -> 0 | P30: =[1]in!$R$584 -> 0 | Q30: =SUM(E30:P30) -> 3008095.3 | R30: =SUM(E30:G30) -> 2234514.5 | S30: =SUM(H30:J30) -> 773580.87 | T30: =SUM(K30:M30) -> 0 | U30: =SUM(N30:P30) -> 0 | V30: =SUM(E30:J30) -> 3008095.3 | W30: =SUM(K30:P30) -> 0 | X30: =Q30/$Q$37 -> 0.2670178 | Z30: LSP - Up | AA30: =E30/$AA$1 -> 23146.312 | AB30: =F30/$AB$1 -> 24890.363 | AC30: =G30/$AC$1 -> 26453.181 | AD30: =H30/$AD$1 -> 25786.029 | AE30: =I30/$AE$1 -> 0 | AF30: =J30/$AF$1 -> 0 | AG30: =K30/$AG$1 -> 0 | AH30: =L30/$AH$1 -> 0 | AI30: =M30/$AI$1 -> 0 | AJ30: =N30/$AJ$1 -> 0 | AK30: =O30/$AK$1 -> 0 | AL30: =P30/$AL$1 -> 0 | AM30: =Q30/$AM$1 -> 97035.333
B31: LSP - Poly | C31: m3 | E31: =[1]in!$D$595 -> 289496.93 | F31: =[1]in!$E$595 -> 259678.05 | G31: =[1]in!$F$595 -> 337091.1 | H31: =[1]in!$H$595 -> 284631.91 | I31: =[1]in!$I$595 -> 0 | J31: =[1]in!$J$595 -> 0 | K31: =[1]in!$L$595 -> 0 | L31: =[1]in!$M$595 -> 0 | M31: =[1]in!$N$595 -> 0 | N31: =[1]in!$P$595 -> 0 | O31: =[1]in!$Q$595 -> 0 | P31: =[1]in!$R$595 -> 0 | Q31: =SUM(E31:P31) -> 1170898 | R31: =SUM(E31:G31) -> 886266.08 | S31: =SUM(H31:J31) -> 284631.91 | T31: =SUM(K31:M31) -> 0 | U31: =SUM(N31:P31) -> 0 | V31: =SUM(E31:J31) -> 1170898 | W31: =SUM(K31:P31) -> 0 | X31: =Q31/$Q$37 -> 0.1039364 | Z31: LSP - Poly | AA31: =E31/$AA$1 -> 9338.6106 | AB31: =F31/$AB$1 -> 9274.2161 | AC31: =G31/$AC$1 -> 10873.906 | AD31: =H31/$AD$1 -> 9487.7303 | AE31: =I31/$AE$1 -> 0 | AF31: =J31/$AF$1 -> 0 | AG31: =K31/$AG$1 -> 0 | AH31: =L31/$AH$1 -> 0 | AI31: =M31/$AI$1 -> 0 | AJ31: =N31/$AJ$1 -> 0 | AK31: =O31/$AK$1 -> 0 | AL31: =P31/$AL$1 -> 0 | AM31: =Q31/$AM$1 -> 37770.903
B32: LSP Complex | C32: m3 | E32: =SUM(E30:E31) -> 1007032.6 | F32: =SUM(F30:F31) -> 956608.22 | G32: =SUM(G30:G31) -> 1157139.7 | H32: =SUM(H30:H31) -> 1058212.8 | I32: =SUM(I30:I31) -> 0 | J32: =SUM(J30:J31) -> 0 | K32: =SUM(K30:K31) -> 0 | L32: =SUM(L30:L31) -> 0 | ... P32: =SUM(P30:P31) -> 0 | Q32: =SUM(E32:P32) -> 4178993.3 | R32: =SUM(E32:G32) -> 3120780.5 | S32: =SUM(H32:J32) -> 1058212.8 | T32: =SUM(K32:M32) -> 0 | U32: =SUM(N32:P32) -> 0 | V32: =SUM(E32:J32) -> 4178993.3 | W32: =SUM(K32:P32) -> 0 | X32: =Q32/$Q$37 -> 0.3709542 | Z32: LSP Complex | AA32: =E32/$AA$1 -> 32484.923 | AB32: =F32/$AB$1 -> 34164.579 | AM32: =Q32/$AM$1 -> 134806.24
B33: GNM | C33: m3 | E33: =[1]in!$D$598 -> 293 | F33: =[1]in!$E$598 -> 238 | G33: =[1]in!$F$598 -> 329 | H33: =[1]in!$H$598 -> 236 | I33: =[1]in!$I$598 -> 0 | J33: =[1]in!$J$598 -> 0 | K33: =[1]in!$L$598 -> 0 | L33: =[1]in!$M$598 -> 0 | M33: =[1]in!$N$598 -> 0 | N33: =[1]in!$P$598 -> 0 | O33: =[1]in!$Q$598 -> 0 | P33: =[1]in!$R$598 -> 0 | Q33: =SUM(E33:P33) -> 1096 | R33: =SUM(E33:G33) -> 860 | S33: =SUM(H33:J33) -> 236 | T33: =SUM(K33:M33) -> 0 | U33: =SUM(N33:P33) -> 0 | V33: =SUM(E33:J33) -> 1096 | W33: =SUM(K33:P33) -> 0 | X33: =Q33/$Q$37 -> 9.7287977e-05 | Z33: GNM | AA33: =E33/$AA$1 -> 9.4516129 | AB33: =F33/$AB$1 -> 8.5 | AC33: =G33/$AC$1 -> 10.612903 | AD33: =H33/$AD$1 -> 7.8666667 | AE33: =I33/$AE$1 -> 0 | AF33: =J33/$AF$1 -> 0 | AG33: =K33/$AG$1 -> 0 | AH33: =L33/$AH$1 -> 0 | AI33: =M33/$AI$1 -> 0 | AJ33: =N33/$AJ$1 -> 0 | AK33: =O33/$AK$1 -> 0 | AL33: =P33/$AL$1 -> 0 | AM33: =Q33/$AM$1 -> 35.354839
B34: NPI Group | C34: m3 | E34: =SUM(E8:E9,E25:E28,E33) -> 16704 | F34: =SUM(F8:F9,F25:F28,F33) -> 15350 | G34: =SUM(G8:G9,G25:G28,G33) -> 18872 | H34: =SUM(H8:H9,H25:H28,H33) -> 12752 | I34: =SUM(I8:I9,I25:I28,I33) -> 0 | J34: =SUM(J8:J9,J25:J28,J33) -> 0 | K34: =SUM(K8:K9,K25:K28,K33) -> 0 | L34: =SUM(L8:L9,L25:L28,L33) -> 0 | ... P34: =SUM(P8:P9,P25:P28,P33) -> 0 | Q34: =SUM(E34:P34) -> 63678 | R34: =SUM(E34:G34) -> 50926 | S34: =SUM(H34:J34) -> 12752 | T34: =SUM(K34:M34) -> 0 | U34: =SUM(N34:P34) -> 0 | V34: =SUM(E34:J34) -> 63678 | W34: =SUM(K34:P34) -> 0 | Z34: NPI Group | AA34: =E34/$AA$1 -> 538.83871 | AB34: =F34/$AB$1 -> 548.21429 | AC34: =G34/$AC$1 -> 608.77419 | AD34: =H34/$AD$1 -> 425.06667 | AE34: =I34/$AE$1 -> 0 | AF34: =J34/$AF$1 -> 0 | AG34: =K34/$AG$1 -> 0 | AH34: =L34/$AH$1 -> 0 | AI34: =M34/$AI$1 -> 0 | AJ34: =N34/$AJ$1 -> 0 | AK34: =O34/$AK$1 -> 0 | AL34: =P34/$AL$1 -> 0 | AM34: =Q34/$AM$1 -> 2054.129
A36: Total SCGC | C36: m3 | E36: =SUM(E5:E29,E32:E33) -> 3162041.9 | F36: =SUM(F5:F29,F32:F33) -> 2978803.1 | G36: =SUM(G5:G29,G32:G33) -> 3055860.1 | H36: =SUM(H5:H29,H32:H33) -> 2706329.5 | I36: =SUM(I5:I29,I32:I33) -> 0 | J36: =SUM(J5:J29,J32:J33) -> 0 | K36: =SUM(K5:K29,K32:K33) -> 0 | L36: =SUM(L5:L29,L32:L33) -> 0 | ... W36: =SUM(W5:W29,W32:W33) -> 0 | Z36: Total SCGC | AA36: =E36/$AA$1 -> 102001.35 | AB36: =F36/AB1 -> 106385.83 | AC36: =G36/AC1 -> 98576.131 | AD36: =H36/AD1 -> 90210.984 | AE36: =I36/AE1 -> 0 | AF36: =J36/AF1 -> 0 | AG36: =K36/AG1 -> 0 | AH36: =L36/AH1 -> 0 | AI36: =M36/AI1 -> 0 | ... AL36: =P36/AL1 -> 0 | AM36: =Q36/$AM$1 -> 383968.86
A37: Total SCGC (Sub only) | C37: m3 | E37: =SUM(E5:E13,E19:E29,E32:E33) -> 3021076.9 | F37: =SUM(F5:F13,F19:F29,F32:F33) -> 2818635.1 | G37: =SUM(G5:G13,G19:G29,G32:G33) -> 2883665.1 | H37: =SUM(H5:H13,H19:H29,H32:H33) -> 2542146.5 | I37: =SUM(I5:I13,I19:I29,I32:I33) -> 0 | J37: =SUM(J5:J13,J19:J29,J32:J33) -> 0 | K37: =SUM(K5:K13,K19:K29,K32:K33) -> 0 | L37: =SUM(L5:L13,L19:L29,L32:L33) -> 0 | ... W37: =SUM(W5:W13,W19:W29,W32:W33) -> 0 | Z37: Total SCGC (Sub only) | AA37: =E37/$AA$1 -> 97454.093 | AB37: =F37/AB1 -> 100665.54 | AC37: =G37/AC1 -> 93021.454 | AD37: =H37/AD1 -> 84738.218 | AE37: =I37/AE1 -> 0 | AF37: =J37/AF1 -> 0 | AG37: =K37/AG1 -> 0 | AH37: =L37/AH1 -> 0 | AI37: =M37/AI1 -> 0 | ... AL37: =P37/AL1 -> 0 | AM37: =Q37/$AM$1 -> 363403.99
A39: Thailand (Sub) | C39: m3 | E39: =SUM(E5:E13,E19:E20) -> 1927020.3 | F39: =SUM(F5:F13,F19:F20) -> 1792658.9 | G39: =SUM(G5:G13,G19:G20) -> 1653675.4 | H39: =SUM(H5:H13,H19:H20) -> 1439115.7 | I39: =SUM(I5:I13,I19:I20) -> 0 | J39: =SUM(J5:J13,J19:J20) -> 0 | K39: =SUM(K5:K13,K19:K20) -> 0 | L39: =SUM(L5:L13,L19:L20) -> 0 | ... Q39: =SUM(Q5:Q13,Q19:Q20) -> 6812470.3
A40: Abroad (Sub) | C40: m3 | E40: =SUM(E21:E29,E32:E33) -> 1094056.6 | F40: =SUM(F21:F29,F32:F33) -> 1025976.2 | G40: =SUM(G21:G29,G32:G33) -> 1229989.7 | H40: =SUM(H21:H29,H32:H33) -> 1103030.8 | I40: =SUM(I21:I29,I32:I33) -> 0 | J40: =SUM(J21:J29,J32:J33) -> 0 | K40: =SUM(K21:K29,K32:K33) -> 0 | L40: =SUM(L21:L29,L32:L33) -> 0 | ... Q40: =SUM(Q21:Q29,Q32:Q33) -> 4453053.3
A43: Water withdrawal intensity
B44: Company | C44: Unit | D44: Target | E44: 46023 | F44: 46054 | G44: 46082 | H44: 46113 | I44: 46143 | J44: 46174 | K44: 46204 | L44: 46235 | M44: 46266 | N44: 46296 | O44: 46327 | P44: 46357 | Q44: YTD 2026 | R44: Q1 | S44: Q2 | T44: Q3 | U44: Q4 | V44: H1 | W44: H2
A45: Domestic | B45: MOC | C45: m3/ton | D45: 3.73 | E45: =E3/Production!E3 -> 3.5877548 | F45: =F3/Production!F3 -> 3.616981 | G45: =G3/Production!G3 -> 3.7255754 | H45: =H3/Production!H3 -> 3.629446 | I45: =I3/Production!I3 -> #DIV/0! | J45: =J3/Production!J3 -> #DIV/0! | K45: =K3/Production!K3 -> #DIV/0! | L45: =L3/Production!L3 -> #DIV/0! | ... Q45: =Q3/Production!Q3 -> 3.6408549
B46: ROC | C46: m3/ton | D46: 3.6 | E46: =E4/Production!E4 -> 3.1732501 | F46: =F4/Production!F4 -> 3.287852 | G46: =G4/Production!G4 -> 4.5749165 | H46: =H4/Production!H4 -> 6.704427 | I46: =I4/Production!I4 -> #DIV/0! | J46: =J4/Production!J4 -> #DIV/0! | K46: =K4/Production!K4 -> #DIV/0! | L46: =L4/Production!L4 -> #DIV/0! | ... Q46: =Q4/Production!Q4 -> 3.4861505
B47: Olefins | C47: m3/ton | D47: 3.67 | E47: =E5/Production!E5 -> 3.4205536 | F47: =F5/Production!F5 -> 3.4840064 | G47: =G5/Production!G5 -> 3.8816746 | H47: =H5/Production!H5 -> 3.7063286 | I47: =I5/Production!I5 -> #DIV/0! | J47: =J5/Production!J5 -> #DIV/0! | K47: =K5/Production!K5 -> #DIV/0! | L47: =L5/Production!L5 -> #DIV/0! | ... Q47: =Q5/Production!Q5 -> 3.5972479
B48: TPC RY | C48: m3/ton | D48: 2.84 | E48: =E6/Production!E6 -> 2.5922299 | F48: =F6/Production!F6 -> 2.659671 | G48: =G6/Production!G6 -> 2.701647 | H48: =H6/Production!H6 -> 2.8829828 | I48: =I6/Production!I6 -> #DIV/0! | J48: =J6/Production!J6 -> #DIV/0! | K48: =K6/Production!K6 -> #DIV/0! | L48: =L6/Production!L6 -> #DIV/0! | ... Q48: =Q6/Production!Q6 -> 2.7015614
B49: TPE | C49: m3/ton | D49: 1.78 | E49: =E7/Production!E7 -> 1.9362148 | F49: =F7/Production!F7 -> 1.8505141 | G49: =G7/Production!G7 -> 2.0346454 | H49: =H7/Production!H7 -> 2.1238694 | I49: =I7/Production!I7 -> #DIV/0! | J49: =J7/Production!J7 -> #DIV/0! | K49: =K7/Production!K7 -> #DIV/0! | L49: =L7/Production!L7 -> #DIV/0! | ... Q49: =Q7/Production!Q7 -> 1.9715126
B50: NPI RY | C50: m3/ton | D50: 1.47 | E50: =E8/Production!E8 -> 1.365271 | F50: =F8/Production!F8 -> 1.2226036 | G50: =G8/Production!G8 -> 1.1636928 | H50: =H8/Production!H8 -> 1.1894994 | I50: =I8/Production!I8 -> #DIV/0! | J50: =J8/Production!J8 -> #DIV/0! | K50: =K8/Production!K8 -> #DIV/0! | L50: =L8/Production!L8 -> #DIV/0! | ... Q50: =Q8/Production!Q8 -> 1.2293445
B51: NPI SB | C51: m3/ton | D51: 0.84 | E51: =E9/Production!E9 -> 0.60216348 | F51: =F9/Production!F9 -> 0.58766035 | G51: =G9/Production!G9 -> 0.63309353 | H51: =H9/Production!H9 -> 0.69656489 | I51: =I9/Production!I9 -> #DIV/0! | J51: =J9/Production!J9 -> #DIV/0! | K51: =K9/Production!K9 -> #DIV/0! | L51: =L9/Production!L9 -> #DIV/0! | ... Q51: =Q9/Production!Q9 -> 0.62727469
B52: SCGC ICO | C52: m3/ton | D52: 0.14 | E52: =E10/Production!E10 -> 0.074943101 | F52: =F10/Production!F10 -> 0.12578823 | G52: =G10/Production!G10 -> 0.081283164 | H52: =H10/Production!H10 -> 0.12761555 | I52: =I10/Production!I10 -> #DIV/0! | J52: =J10/Production!J10 -> #DIV/0! | K52: =K10/Production!K10 -> #DIV/0! | L52: =L10/Production!L10 -> #DIV/0! | ... Q52: =Q10/Production!Q10 -> 0.10001944
B53: Cirplas | C53: m3/ton | D53: 5.21 | E53: =E11/Production!E11 -> 4.139224 | F53: =F11/Production!F11 -> 3.4873515 | G53: =G11/Production!G11 -> 3.1759196 | H53: =H11/Production!H11 -> 4.7332458 | I53: =I11/Production!I11 -> #DIV/0! | J53: =J11/Production!J11 -> #DIV/0! | K53: =K11/Production!K11 -> #DIV/0! | L53: =L11/Production!L11 -> #DIV/0! | ... Q53: =Q11/Production!Q11 -> 3.8779971
B54: Teamplas | C54: m3/ton | D54: 2.84 | E54: =E12/Production!E12 -> 0.47553288 | F54: =F12/Production!F12 -> 0.48830668 | G54: =G12/Production!G12 -> 0.63670449 | H54: =H12/Production!H12 -> 0.49931318 | I54: =I12/Production!I12 -> #DIV/0! | J54: =J12/Production!J12 -> #DIV/0! | K54: =K12/Production!K12 -> #DIV/0! | L54: =L12/Production!L12 -> #DIV/0! | ... Q54: =Q12/Production!Q12 -> 0.52072179
B55: MTT | C55: m3 | D55: 13583.333 | E55: =E13 -> 4456.18 | F55: =F13 -> 3336.78 | G55: =G13 -> 4341.72 | H55: =H13 -> 54149.3 | I55: =I13 -> 0 | J55: =J13 -> 0 | K55: =K13 -> 0 | L55: =L13 -> 0 | ... Q55: =Q13 -> 66283.98 | X55: 163000 | Y55: =X55/12 -> 13583.333
B56: TMMA | C56: m3/ton | D56: 5.62 | E56: =E14/Production!E13 -> 4.9070173 | F56: =F14/Production!F13 -> 5.5068903 | G56: =G14/Production!G13 -> 6.6016852 | H56: =H14/Production!H13 -> 6.4067062 | I56: =I14/Production!I13 -> #DIV/0! | J56: =J14/Production!J13 -> #DIV/0! | K56: =K14/Production!K13 -> #DIV/0! | L56: =L14/Production!L13 -> #DIV/0! | ... Q56: =Q14/Production!Q13 -> 5.8295675
B57: GSC | C57: m3/ton | D57: 0.58 | E57: =E15/Production!E14 -> 0.48414352 | F57: =F15/Production!F14 -> 0.4572607 | G57: =G15/Production!G14 -> 0.50712137 | H57: =H15/Production!H14 -> 0.53600553 | I57: =I15/Production!I14 -> #DIV/0! | J57: =J15/Production!J14 -> #DIV/0! | K57: =K15/Production!K14 -> #DIV/0! | L57: =L15/Production!L14 -> #DIV/0! | ... Q57: =Q15/Production!Q14 -> 0.49520601
B58: STC | C58: m3/ton | D58: 1.23 | E58: =E16/Production!E15 -> 2.1512909 | F58: =F16/Production!F15 -> 2.4002239 | G58: =G16/Production!G15 -> 1.2785057 | H58: =H16/Production!H15 -> 1.5298962 | I58: =I16/Production!I15 -> #DIV/0! | J58: =J16/Production!J15 -> #DIV/0! | K58: =K16/Production!K15 -> #DIV/0! | L58: =L16/Production!L15 -> #DIV/0! | ... Q58: =Q16/Production!Q15 -> 1.7322754
B59: TMFC | C59: m3/ton | D59: 2.86 | E59: =E17/Production!E16 -> 2.6172418 | F59: =F17/Production!F16 -> 2.2593307 | G59: =G17/Production!G16 -> 2.4402444 | H59: =H17/Production!H16 -> 2.6424742 | I59: =I17/Production!I16 -> #DIV/0! | J59: =J17/Production!J16 -> #DIV/0! | K59: =K17/Production!K16 -> #DIV/0! | L59: =L17/Production!L16 -> #DIV/0! | ... Q59: =Q17/Production!Q16 -> 2.4899725
B60: RTC | C60: m3 | D60: 3016.6667 | E60: =E18 -> 705 | F60: =F18 -> 10472 | G60: =G18 -> 741 | H60: =H18 -> 951 | I60: =I18 -> 0 | J60: =J18 -> 0 | K60: =K18 -> 0 | L60: =L18 -> 0 | ... Q60: =Q18 -> 12869 | X60: 36200 | Y60: =X60/12 -> 3016.6667
A61: Abroad | B61: Chemtech | C61: m3/ton | D61: 0.68 | E61: =E21/Production!E17 -> 0.53856409 | F61: =F21/Production!F17 -> 0.39583177 | G61: =G21/Production!G17 -> 0.36557678 | H61: =H21/Production!H17 -> 0.39567674 | I61: =I21/Production!I17 -> #DIV/0! | J61: =J21/Production!J17 -> #DIV/0! | K61: =K21/Production!K17 -> #DIV/0! | L61: =L21/Production!L17 -> #DIV/0! | ... Q61: =Q21/Production!Q17 -> 0.42340903
B62: TPC Indo | C62: m3/ton | D62: 4.33 | E62: =E22/Production!E18 -> 2.7021265 | F62: =F22/Production!F18 -> 3.0128956 | G62: =G22/Production!G18 -> 2.4349554 | H62: =H22/Production!H18 -> #DIV/0! | I62: =I22/Production!I18 -> #DIV/0! | J62: =J22/Production!J18 -> #DIV/0! | K62: =K22/Production!K18 -> #DIV/0! | L62: =L22/Production!L18 -> #DIV/0! | ... Q62: =Q22/Production!Q18 -> 2.7161536
B63: TPC Vina | C63: m3/ton | D63: 3.89 | E63: =E23/Production!E19 -> 4.0798902 | F63: =F23/Production!F19 -> 4.1511839 | G63: =G23/Production!G19 -> 4.304104 | H63: =H23/Production!H19 -> 4.5403763 | I63: =I23/Production!I19 -> #DIV/0! | J63: =J23/Production!J19 -> #DIV/0! | K63: =K23/Production!K19 -> #DIV/0! | L63: =L23/Production!L19 -> #DIV/0! | ... Q63: =Q23/Production!Q19 -> 4.24167
B64: Viet-Thai | C64: m3/ton | D64: 0.55 | E64: =E24/Production!E20 -> 0.25188249 | F64: =F24/Production!F20 -> 0.30918107 | G64: =G24/Production!G20 -> 0.39250829 | H64: =H24/Production!H20 -> 0.32120413 | I64: =I24/Production!I20 -> #DIV/0! | J64: =J24/Production!J20 -> #DIV/0! | K64: =K24/Production!K20 -> #DIV/0! | L64: =L24/Production!L20 -> #DIV/0! | ... Q64: =Q24/Production!Q20 -> 0.30926197
B65: BMP | C65: m3/ton | D65: 0.56 | E65: =E25/Production!E21 -> 0.49014127 | F65: =F25/Production!F21 -> 1.1821495 | G65: =G25/Production!G21 -> 0.36526187 | H65: =H25/Production!H21 -> #DIV/0! | I65: =I25/Production!I21 -> #DIV/0! | J65: =J25/Production!J21 -> #DIV/0! | K65: =K25/Production!K21 -> #DIV/0! | L65: =L25/Production!L21 -> #DIV/0! | ... Q65: =Q25/Production!Q21 -> 0.51801628
B66: NPIC | C66: m3/ton | D66: 1.12 | E66: =E26/Production!E22 -> 0.99463567 | F66: =F26/Production!F22 -> 1.2475042 | G66: =G26/Production!G22 -> 1.1829566 | H66: =H26/Production!H22 -> 0.93698864 | I66: =I26/Production!I22 -> #DIV/0! | J66: =J26/Production!J22 -> #DIV/0! | K66: =K26/Production!K22 -> #DIV/0! | L66: =L26/Production!L22 -> #DIV/0! | ... Q66: =Q26/Production!Q22 -> 1.0847758
B67: NBM | C67: m3/ton | D67: 2.8 | E67: =E27/Production!E23 -> 2.3745928 | F67: =F27/Production!F23 -> 2.405798 | G67: =G27/Production!G23 -> 1.6609839 | H67: =H27/Production!H23 -> 2.6362511 | I67: =I27/Production!I23 -> #DIV/0! | J67: =J27/Production!J23 -> #DIV/0! | K67: =K27/Production!K23 -> #DIV/0! | L67: =L27/Production!L23 -> #DIV/0! | ... Q67: =Q27/Production!Q23 -> 2.1915789
B68: BNI | C68: m3/ton | D68: 1.87 | E68: =E28/Production!E24 -> 1.1142506 | F68: =F28/Production!F24 -> 1.0511247 | G68: =G28/Production!G24 -> 1.8056055 | H68: =H28/Production!H24 -> 0.99501109 | I68: =I28/Production!I24 -> #DIV/0! | J68: =J28/Production!J24 -> #DIV/0! | K68: =K28/Production!K24 -> #DIV/0! | L68: =L28/Production!L24 -> #DIV/0! | ... Q68: =Q28/Production!Q24 -> 1.2035956
B69: Sirplaste | C69: m3/ton | D69: 0.57 | E69: =E29/Production!E25 -> 1.1093027 | F69: =F29/Production!F25 -> 0.89714138 | G69: =G29/Production!G25 -> 0.70569327 | H69: =H29/Production!H25 -> 0.70518713 | I69: =I29/Production!I25 -> #DIV/0! | J69: =J29/Production!J25 -> #DIV/0! | K69: =K29/Production!K25 -> #DIV/0! | L69: =L29/Production!L25 -> #DIV/0! | ... Q69: =Q29/Production!Q25 -> 0.82421088
B70: LSP - Up | C70: m3/ton | D70: - | E70: =E30/Production!E26 -> 4.3260404 | F70: =F30/Production!F26 -> 4.8272905 | G70: =G30/Production!G26 -> 4.4886213 | H70: =H30/Production!H26 -> 3.9105647 | I70: =I30/Production!I26 -> #DIV/0! | J70: =J30/Production!J26 -> #DIV/0! | K70: =K30/Production!K26 -> #DIV/0! | L70: =L30/Production!L26 -> #DIV/0! | ... Q70: =Q30/Production!Q26 -> 4.3548222
B71: LSP - Poly | C71: m3/ton | D71: - | E71: =E31/Production!E27 -> 2.6052213 | F71: =F31/Production!F27 -> 2.6991742 | G71: =G31/Production!G27 -> 2.6962989 | H71: =H31/Production!H27 -> 2.7864377 | I71: =I31/Production!I27 -> #DIV/0! | J71: =J31/Production!J27 -> #DIV/0! | K71: =K31/Production!K27 -> #DIV/0! | L71: =L31/Production!L27 -> #DIV/0! | ... Q71: =Q31/Production!Q27 -> 2.694834
B72: LSP Complex | C72: m3/ton | D72: 4.26 | E72: =E32/Production!E28 -> 3.6356789 | F72: =F32/Production!F28 -> 3.9762677 | G72: =G32/Production!G28 -> 3.7604277 | H72: =H32/Production!H28 -> 3.5277613 | I72: =I32/Production!I28 -> #DIV/0! | J72: =J32/Production!J28 -> #DIV/0! | K72: =K32/Production!K28 -> #DIV/0! | L72: =L32/Production!L28 -> #DIV/0! | ... Q72: =Q32/Production!Q28 -> 3.713843
B73: GNM | C73: m3/ton | D73: 1.12 | E73: =E33/Production!E29 -> 0.45442561 | F73: =F33/Production!F29 -> 0.49079249 | G73: =G33/Production!G29 -> 0.41493776 | H73: =H33/Production!H29 -> 0.65635777 | I73: =I33/Production!I29 -> #DIV/0! | J73: =J33/Production!J29 -> #DIV/0! | K73: =K33/Production!K29 -> #DIV/0! | L73: =L33/Production!L29 -> #DIV/0! | ... Q73: =Q33/Production!Q29 -> 0.48024889
B74: NPI Group | C74: m3/ton | D74: 1.11 | E74: =E34/Production!E30 -> 0.77752252 | F74: =F34/Production!F30 -> 0.91211978 | G74: =G34/Production!G30 -> 0.70115316 | H74: =H34/Production!H30 -> 0.97318238 | I74: =I34/Production!I30 -> #DIV/0! | J74: =J34/Production!J30 -> #DIV/0! | K74: =K34/Production!K30 -> #DIV/0! | L74: =L34/Production!L30 -> #DIV/0! | ... Q74: =Q34/Production!Q30 -> 0.81292848
A76: Total SCGC | C76: m3/ton | E76: =E36/Production!E32 -> 3.136162 | F76: =F36/Production!F32 -> 3.2611709 | G76: =G36/Production!G32 -> 3.4119392 | H76: =H36/Production!H32 -> 3.4021553 | I76: =I36/Production!I32 -> #DIV/0! | J76: =J36/Production!J32 -> #DIV/0! | K76: =K36/Production!K32 -> #DIV/0! | L76: =L36/Production!L32 -> #DIV/0! | ... W76: =W36/Production!W32 -> #DIV/0!
A77: Total SCGC (Sub only) | C77: m3/ton | D77: 3.4 | E77: 3.12 | F77: =F37/Production!F33 -> 3.2250575 | G77: =G37/Production!G33 -> 3.3648388 | H77: =H37/Production!H33 -> 3.3522771 | I77: =I37/Production!I33 -> #DIV/0! | J77: =J37/Production!J33 -> #DIV/0! | K77: =K37/Production!K33 -> #DIV/0! | L77: =L37/Production!L33 -> #DIV/0! | M77: =M37/Production!M33 -> #DIV/0! | ... W77: =W37/Production!W33 -> #DIV/0!
A79: Thailand (Sub) | C79: m3/ton | D79: 3.03 | E79: =E39/Production!E36 -> 2.9413704 | F79: =F39/Production!F36 -> 2.9599714 | G79: =G39/Production!G36 -> 3.2321934 | H79: =H39/Production!H36 -> 3.2661333 | I79: =I39/Production!I36 -> #DIV/0! | J79: =J39/Production!J36 -> #DIV/0! | K79: =K39/Production!K36 -> #DIV/0! | L79: =L39/Production!L36 -> #DIV/0! | ... Q79: =Q39/Production!Q36 -> 3.0696326
A80: Abroad (Sub) | C80: m3/ton | D80: 4.15 | E80: =E40/Production!E37 -> 3.503531 | F80: =F40/Production!F37 -> 3.857008 | G80: =G40/Production!G37 -> 3.5824169 | H80: =H40/Production!H37 -> 3.492792 | I80: =I40/Production!I37 -> #DIV/0! | J80: =J40/Production!J37 -> #DIV/0! | K80: =K40/Production!K37 -> #DIV/0! | L80: =L40/Production!L37 -> #DIV/0! | ... Q80: =Q40/Production!Q37 -> 3.598664
G83: 31 | H83: 29 | I83: 31 | J83: 30 | K83: 31 | L83: 30 | M83: 31 | N83: 31 | O83: 30 | P83: 31 | Q83: 30 | R83: 31 | S83: =SUM(G83:R83) -> 366
C84: 2020 | D84: 2021 | E84: 2022 | F84: 2023 | G84: =E2 -> 46023 | H84: =F2 -> 46054 | I84: =G2 -> 46082 | J84: =H2 -> 46113 | K84: =I2 -> 46143 | L84: =J2 -> 46174 | M84: =K2 -> 46204 | N84: =L2 -> 46235 | ... S84: =Q2 -> YTD 2026
A85: Target 2024 | B85: m3/ton | G85: =$D$76 -> 0 | H85: =$D$76 -> 0 | I85: =$D$76 -> 0 | J85: =$D$76 -> 0 | K85: =$D$76 -> 0 | L85: =$D$76 -> 0 | M85: =$D$76 -> 0 | N85: =$D$76 -> 0 | ... S85: =$D$76 -> 0
A86: Actual | B86: m3/ton | C86: ='[2]Water withdrawal'!L27 -> 3.0132629 | D86: ='[2]Water withdrawal'!M27 -> 2.9758425 | E86: ='[2]Water withdrawal'!N27 -> 3.0251208 | F86: ='[3]Water withdrawal'!$Q$59 -> 3.1451859 | G86: =E77 -> 3.12 | H86: =F77 -> 3.2250575 | I86: =G77 -> 3.3648388 | J86: =H77 -> 3.3522771 | K86: =I77 -> #DIV/0! | L86: =J77 -> #DIV/0! | M86: =K77 -> #DIV/0! | N86: =L77 -> #DIV/0! | ... R86: =P77 -> #DIV/0! | S86: =$Q$77 -> 3.259012
A87: Production | B87: Mton | C87: 9.0561442 | D87: 10.331506 | E87: 8.0495007 | F87: =[3]Production!$Q$23/1000000 -> 8.2806149 | G87: =Production!E32/1000000 -> 1.0082521 | H87: =Production!F32/1000000 -> 0.9134152 | I87: =Production!G32/1000000 -> 0.89563732 | J87: =Production!H32/1000000 -> 0.79547501 | K87: =Production!I32/1000000 -> 0 | L87: =Production!J32/1000000 -> 0 | M87: =Production!K32/1000000 -> 0 | N87: =Production!L32/1000000 -> 0 | ... S87: =Production!Q32/1000000 -> 3.6127796
B88: m3/day | G88: =E36/G83 -> 102001.35 | H88: =F36/H83 -> 102717.35 | I88: =G36/I83 -> 98576.131 | J88: =H36/J83 -> 90210.984 | K88: =I36/K83 -> 0 | L88: =J36/L83 -> 0 | M88: =K36/M83 -> 0 | N88: =L36/N83 -> 0 | ... S88: =Q36/S83 -> 32521.953
B89: Actual Sub only | C89: ='[2]Water withdrawal'!L28 -> 2.9333516 | D89: ='[2]Water withdrawal'!M28 -> 2.9194012 | E89: ='[2]Water withdrawal'!N28 -> 2.9877157 | F89: ='[4]Water withdrawal'!$Q$60 -> 3.0907485
C92: Q1
B93: Olefins | C93: =E114 -> 5979142.4
B94: PVC | C94: =E115 -> 974601.64
B95: Polyolefins | C95: =E116 -> 1624191.8
B96: Downstream | C96: =E117 -> 51846.619
B97: Energy | C97: =E118 -> 70017.788
B98: Circular | C98: =E119 -> 11442.2
B99: Other (terminal tank) | C99: =E120 -> 12134.68
C100: =E121 -> 8723377.1
C113: 9M | D113: 6M | E113: 3M
B114: Olefins | C114: =SUM(E5:M5,E30:M30) -> 7661821.7 | D114: =SUM(E5:J5,E30:J30) -> 7661821.7 | E114: =SUM(E5:G5,E30:G30) -> 5979142.4
B115: PVC | C115: =SUM(E6:M6,E21:M24) -> 1253941.3 | D115: =SUM(E6:J6,E21:J24) -> 1253941.3 | E115: =SUM(E6:G6,E21:G24) -> 974601.64
B116: Polyolefins | C116: =SUM(E7:M7,E31:M31) -> 2119367.1 | D116: =SUM(E7:J7,E31:J31) -> 2119367.1 | E116: =SUM(E7:G7,E31:G31) -> 1624191.8
B117: Downstream | C117: =SUM(E8:M10,E25:M28,E33:M33) -> 64852.43 | D117: =SUM(E8:J10,E25:J28,F33:N33) -> 64559.43 | E117: =SUM(E8:G10,E25:G28,E33:G33) -> 51846.619
B118: Energy | C118: =SUM(E19:M20) -> 84057.788 | D118: =SUM(E19:J20) -> 84057.788 | E118: =SUM(E19:G20) -> 70017.788
B119: Circular | C119: =SUM(E11:M11,E29:M29) -> 10555.4 | D119: =SUM(E11:J11,E29:J29) -> 10555.4 | E119: =SUM(E11:G11,E29:G29,E12:G12) -> 11442.2
B120: Other (terminal tank) | C120: =SUM(E13:M13) -> 66283.98 | D120: =SUM(E13:J13) -> 66283.98 | E120: =SUM(E13:G13) -> 12134.68
E121: =SUM(E114:E120) -> 8723377.1
E166: 2020 | F166: 2021 | G166: 2022 | H166: Plan 2023 | I166: Actual 2023 | J166: Est. Full-year 2023
...

Sheet Hz waste gen
A1: Hz Waste Generated | AB1: Special
B2: Company | C2: Unit | D2: Target | E2: 46023 | F2: 46054 | G2: 46082 | H2: 46113 | I2: 46143 | J2: 46174 | K2: 46204 | L2: 46235 | M2: 46266 | N2: 46296 | O2: 46327 | P2: 46357 | Q2: YTD 2026 | R2: Q1 | S2: Q2 | T2: Q3 | U2: Q4 | V2: H1 | Z2: H2 | AB2: 46023 | AC2: 46054 | AD2: 46082 | AE2: 46113 | AF2: 46143 | AG2: 46174 | AH2: 46204 | AI2: 46235 | AJ2: 46266 | AK2: 46296 | AL2: 46327 | AM2: 46357 | AN2: YTD
A3: Domestic | B3: MOC | C3: kg | E3: =[1]in!$D$1159 -> 2730 | F3: =[1]in!$E$1159 -> 217610 | G3: =[1]in!$F$1159 -> 13740 | H3: =[1]in!$H$1159 -> 2635 | I3: =[1]in!$I$1159 -> 0 | J3: =[1]in!$J$1159 -> 0 | K3: =[1]in!$L$1159 -> 0 | L3: =[1]in!$M$1159 -> 0 | M3: =[1]in!$N$1159 -> 0 | N3: =[1]in!$P$1159 -> 0 | O3: =[1]in!$Q$1159 -> 0 | P3: =[1]in!$R$1159 -> 0 | Q3: =SUM(E3:P3) -> 236715 | R3: =SUM(E3:G3) -> 234080 | S3: =SUM(H3:J3) -> 2635 | T3: =SUM(K3:M3) -> 0 | U3: =SUM(N3:P3) -> 0 | V3: =SUM(E3:J3) -> 236715 | Z3: =SUM(K3:P3) -> 0 | AA3: =Q3/$Q$37 -> 0.10020399 | AN3: =SUM(AB3:AM3) -> 0
B4: ROC | C4: kg | E4: =[1]in!$D$1160 -> 129178 | F4: =[1]in!$E$1160 -> 44169 | G4: =[1]in!$F$1160 -> 11944 | H4: =[1]in!$H$1160 -> 33837 | I4: =[1]in!$I$1160 -> 0 | J4: =[1]in!$J$1160 -> 0 | K4: =[1]in!$L$1160 -> 0 | L4: =[1]in!$M$1160 -> 0 | M4: =[1]in!$N$1160 -> 0 | N4: =[1]in!$P$1160 -> 0 | O4: =[1]in!$Q$1160 -> 0 | P4: =[1]in!$R$1160 -> 0 | Q4: =SUM(E4:P4) -> 219128 | R4: =SUM(E4:G4) -> 185291 | S4: =SUM(H4:J4) -> 33837 | T4: =SUM(K4:M4) -> 0 | U4: =SUM(N4:P4) -> 0 | V4: =SUM(E4:J4) -> 219128 | Z4: =SUM(K4:P4) -> 0 | AA4: =Q4/$Q$37 -> 0.092759228 | AN4: =SUM(AB4:AM4) -> 0
B5: Olefins | C5: kg | E5: =SUM(E3:E4) -> 131908 | F5: =SUM(F3:F4) -> 261779 | G5: =SUM(G3:G4) -> 25684 | H5: =SUM(H3:H4) -> 36472 | I5: =SUM(I3:I4) -> 0 | J5: =SUM(J3:J4) -> 0 | K5: =SUM(K3:K4) -> 0 | L5: =SUM(L3:L4) -> 0 | ... P5: =SUM(P3:P4) -> 0 | Q5: =SUM(E5:P5) -> 455843 | R5: =SUM(E5:G5) -> 419371 | S5: =SUM(H5:J5) -> 36472 | T5: =SUM(K5:M5) -> 0 | U5: =SUM(N5:P5) -> 0 | V5: =SUM(E5:J5) -> 455843 | Z5: =SUM(K5:P5) -> 0 | AA5: =Q5/$Q$37 -> 0.19296322 | AN5: =SUM(AB5:AM5) -> 0
B6: TPC RY | C6: kg | E6: =[1]in!$D$1164 -> 32520 | F6: =[1]in!$E$1164 -> 40690 | G6: =[1]in!$F$1164 -> 34040 | H6: =[1]in!$H$1164 -> 28350 | I6: =[1]in!$I$1164 -> 0 | J6: =[1]in!$J$1164 -> 0 | K6: =[1]in!$L$1164 -> 0 | L6: =[1]in!$M$1164 -> 0 | M6: =[1]in!$N$1164 -> 0 | N6: =[1]in!$P$1164 -> 0 | O6: =[1]in!$Q$1164 -> 0 | P6: =[1]in!$R$1164 -> 0 | Q6: =SUM(E6:P6) -> 135600 | R6: =SUM(E6:G6) -> 107250 | S6: =SUM(H6:J6) -> 28350 | T6: =SUM(K6:M6) -> 0 | U6: =SUM(N6:P6) -> 0 | V6: =SUM(E6:J6) -> 135600 | Z6: =SUM(K6:P6) -> 0 | AA6: =Q6/$Q$37 -> 0.057400932 | AN6: =SUM(AB6:AM6) -> 0
B7: TPE | C7: kg | E7: =[1]in!$D$1168 -> 46190 | F7: =[1]in!$E$1168 -> 84130 | G7: =[1]in!$F$1168 -> 69350 | H7: =[1]in!$H$1168 -> 35290 | I7: =[1]in!$I$1168 -> 0 | J7: =[1]in!$J$1168 -> 0 | K7: =[1]in!$L$1168 -> 0 | L7: =[1]in!$M$1168 -> 0 | M7: =[1]in!$N$1168 -> 0 | N7: =[1]in!$P$1168 -> 0 | O7: =[1]in!$Q$1168 -> 0 | P7: =[1]in!$R$1168 -> 0 | Q7: =SUM(E7:P7) -> 234960 | R7: =SUM(E7:G7) -> 199670 | S7: =SUM(H7:J7) -> 35290 | T7: =SUM(K7:M7) -> 0 | U7: =SUM(N7:P7) -> 0 | V7: =SUM(E7:J7) -> 234960 | Z7: =SUM(K7:P7) -> 0 | AA7: =Q7/$Q$37 -> 0.099461083 | AN7: =SUM(AB7:AM7) -> 0
B8: NPI RY | C8: kg | E8: =[1]in!$D$1173 -> 10527 | F8: =[1]in!$E$1173 -> 21719 | G8: =[1]in!$F$1173 -> 16570 | H8: =[1]in!$H$1173 -> 892 | I8: =[1]in!$I$1173 -> 0 | J8: =[1]in!$J$1173 -> 0 | K8: =[1]in!$L$1173 -> 0 | L8: =[1]in!$M$1173 -> 0 | M8: =[1]in!$N$1173 -> 0 | N8: =[1]in!$P$1173 -> 0 | O8: =[1]in!$Q$1173 -> 0 | P8: =[1]in!$R$1173 -> 0 | Q8: =SUM(E8:P8) -> 49708 | R8: =SUM(E8:G8) -> 48816 | S8: =SUM(H8:J8) -> 892 | T8: =SUM(K8:M8) -> 0 | U8: =SUM(N8:P8) -> 0 | V8: =SUM(E8:J8) -> 49708 | Z8: =SUM(K8:P8) -> 0 | AA8: =Q8/$Q$37 -> 0.021041929 | AN8: =SUM(AB8:AM8) -> 0
B9: NPI SB | C9: kg | E9: =[1]in!$D$1174 -> 5330 | F9: =[1]in!$E$1174 -> 5770 | G9: =[1]in!$F$1174 -> 2680 | H9: =[1]in!$H$1174 -> 0 | I9: =[1]in!$I$1174 -> 0 | J9: =[1]in!$J$1174 -> 0 | K9: =[1]in!$L$1174 -> 0 | L9: =[1]in!$M$1174 -> 0 | M9: =[1]in!$N$1174 -> 0 | N9: =[1]in!$P$1174 -> 0 | O9: =[1]in!$Q$1174 -> 0 | P9: =[1]in!$R$1174 -> 0 | Q9: =SUM(E9:P9) -> 13780 | R9: =SUM(E9:G9) -> 13780 | S9: =SUM(H9:J9) -> 0 | T9: =SUM(K9:M9) -> 0 | U9: =SUM(N9:P9) -> 0 | V9: =SUM(E9:J9) -> 13780 | Z9: =SUM(K9:P9) -> 0 | AA9: =Q9/$Q$37 -> 0.0058332215 | AN9: =SUM(AB9:AM9) -> 0
B10: NIT | C10: kg | E10: =[1]in!$D$1182 -> 0 | F10: =[1]in!$E$1182 -> 0 | G10: =[1]in!$F$1182 -> 0 | H10: =[1]in!$H$1182 -> 0 | I10: =[1]in!$I$1182 -> 0 | J10: =[1]in!$J$1182 -> 0 | K10: =[1]in!$L$1182 -> 0 | L10: =[1]in!$M$1182 -> 0 | M10: =[1]in!$N$1182 -> 0 | N10: =[1]in!$P$1182 -> 0 | O10: =[1]in!$Q$1182 -> 0 | P10: =[1]in!$R$1182 -> 0 | Q10: =SUM(E10:P10) -> 0 | R10: =SUM(E10:G10) -> 0 | S10: =SUM(H10:J10) -> 0 | T10: =SUM(K10:M10) -> 0 | U10: =SUM(N10:P10) -> 0 | V10: =SUM(E10:J10) -> 0 | AA10: =Q10/$Q$37 -> 0
B11: SCGC ICO | C11: kg | E11: =[1]in!$D$1176 -> 0 | F11: =[1]in!$E$1176 -> 0 | G11: =[1]in!$F$1176 -> 0 | H11: =[1]in!$H$1176 -> 0 | I11: =[1]in!$I$1176 -> 0 | J11: =[1]in!$J$1176 -> 0 | K11: =[1]in!$L$1176 -> 0 | L11: =[1]in!$M$1176 -> 0 | M11: =[1]in!$N$1176 -> 0 | N11: =[1]in!$P$1176 -> 0 | O11: =[1]in!$Q$1176 -> 0 | P11: =[1]in!$R$1176 -> 0 | Q11: =SUM(E11:P11) -> 0 | R11: =SUM(E11:G11) -> 0 | S11: =SUM(H11:J11) -> 0 | T11: =SUM(K11:M11) -> 0 | U11: =SUM(N11:P11) -> 0 | V11: =SUM(E11:J11) -> 0 | Z11: =SUM(K11:P11) -> 0 | AA11: =Q11/$Q$37 -> 0 | AN11: =SUM(AB11:AM11) -> 0
B12: Cirplas | C12: kg | E12: =[1]in!$D$1185 -> 32195 | F12: =[1]in!$E$1185 -> 2710 | G12: =[1]in!$F$1185 -> 45935 | H12: =[1]in!$H$1185 -> 19210 | I12: =[1]in!$I$1185 -> 0 | J12: =[1]in!$J$1185 -> 0 | K12: =[1]in!$L$1185 -> 0 | L12: =[1]in!$M$1185 -> 0 | M12: =[1]in!$N$1185 -> 0 | N12: =[1]in!$P$1185 -> 0 | O12: =[1]in!$Q$1185 -> 0 | P12: =[1]in!$R$1185 -> 0 | Q12: =SUM(E12:P12) -> 100050 | R12: =SUM(E12:G12) -> 80840 | S12: =SUM(H12:J12) -> 19210 | T12: =SUM(K12:M12) -> 0 | U12: =SUM(N12:P12) -> 0 | V12: =SUM(E12:J12) -> 100050 | Z12: =SUM(K12:P12) -> 0 | AA12: =Q12/$Q$37 -> 0.042352236 | AN12: =SUM(AB12:AM12) -> 0
B13: Teamplas | C13: kg | E13: =[1]in!$D$1187 -> 6320 | F13: =[1]in!$E$1187 -> 10435 | G13: =[1]in!$F$1187 -> 8240 | H13: =[1]in!$H$1187 -> 6390 | I13: =[1]in!$I$1187 -> 0 | J13: =[1]in!$J$1187 -> 0 | K13: =[1]in!$L$1187 -> 0 | L13: =[1]in!$M$1187 -> 0 | M13: =[1]in!$N$1187 -> 0 | N13: =[1]in!$P$1187 -> 0 | O13: =[1]in!$Q$1187 -> 0 | P13: =[1]in!$R$1187 -> 0 | Q13: =SUM(E13:P13) -> 31385 | R13: =SUM(E13:G13) -> 24995 | S13: =SUM(H13:J13) -> 6390 | T13: =SUM(K13:M13) -> 0 | U13: =SUM(N13:P13) -> 0 | V13: =SUM(E13:J13) -> 31385
B14: MTT | C14: kg | E14: =[1]in!$D$1181 -> 116559 | F14: =[1]in!$E$1181 -> 17700 | G14: =[1]in!$F$1181 -> 650 | H14: =[1]in!$H$1181 -> 650 | I14: =[1]in!$I$1181 -> 0 | J14: =[1]in!$J$1181 -> 0 | K14: =[1]in!$L$1181 -> 0 | L14: =[1]in!$M$1181 -> 0 | M14: =[1]in!$N$1181 -> 0 | N14: =[1]in!$P$1181 -> 0 | O14: =[1]in!$Q$1181 -> 0 | P14: =[1]in!$R$1181 -> 0 | Q14: =SUM(E14:P14) -> 135559 | R14: =SUM(E14:G14) -> 134909 | S14: =SUM(H14:J14) -> 650 | T14: =SUM(K14:M14) -> 0 | U14: =SUM(N14:P14) -> 0 | V14: =SUM(E14:J14) -> 135559 | Z14: =SUM(K14:P14) -> 0 | AA14: =Q14/$Q$37 -> 0.057383576 | AN14: =SUM(AB14:AM14) -> 0
B15: RIL | C15: kg | E15: =[1]in!$D$1183 -> 0 | F15: =[1]in!$E$1183 -> 0 | G15: =[1]in!$F$1183 -> 0 | H15: =[1]in!$H$1183 -> 0 | I15: =[1]in!$I$1183 -> 0 | J15: =[1]in!$J$1183 -> 0 | K15: =[1]in!$L$1183 -> 0 | L15: =[1]in!$M$1183 -> 0 | M15: =[1]in!$N$1183 -> 0 | N15: =[1]in!$P$1183 -> 0 | O15: =[1]in!$Q$1183 -> 0 | P15: =[1]in!$R$1183 -> 0 | Q15: =SUM(E15:P15) -> 0 | R15: =SUM(E15:G15) -> 0 | S15: =SUM(H15:J15) -> 0 | T15: =SUM(K15:M15) -> 0 | U15: =SUM(N15:P15) -> 0 | V15: =SUM(E15:J15) -> 0 | AA15: =Q15/$Q$37 -> 0 | AN15: =SUM(AB15:AM15) -> 0
B16: TMMA | C16: kg | E16: =[1]in!$D$1167 -> 21143 | F16: =[1]in!$E$1167 -> 116322 | G16: =[1]in!$F$1167 -> 112080 | H16: =[1]in!$H$1167 -> 230977 | I16: =[1]in!$I$1167 -> 0 | J16: =[1]in!$J$1167 -> 0 | K16: =[1]in!$L$1167 -> 0 | L16: =[1]in!$M$1167 -> 0 | M16: =[1]in!$N$1167 -> 0 | N16: =[1]in!$P$1167 -> 0 | O16: =[1]in!$Q$1167 -> 0 | P16: =[1]in!$R$1167 -> 0 | Q16: =SUM(E16:P16) -> 480522 | R16: =SUM(E16:G16) -> 249545 | S16: =SUM(H16:J16) -> 230977 | T16: =SUM(K16:M16) -> 0 | U16: =SUM(N16:P16) -> 0 | V16: =SUM(E16:J16) -> 480522 | Z16: =SUM(K16:P16) -> 0 | AA16: =Q16/$Q$36 -> 0.1633252 | AN16: =SUM(AB16:AM16) -> 0
B17: GSC | C17: kg | E17: =[1]in!$D$1172 -> 7430 | F17: =[1]in!$E$1172 -> 10790 | G17: =[1]in!$F$1172 -> 9250 | H17: =[1]in!$H$1172 -> 6540 | I17: =[1]in!$I$1172 -> 0 | J17: =[1]in!$J$1172 -> 0 | K17: =[1]in!$L$1172 -> 0 | L17: =[1]in!$M$1172 -> 0 | M17: =[1]in!$N$1172 -> 0 | N17: =[1]in!$P$1172 -> 0 | O17: =[1]in!$Q$1172 -> 0 | P17: =[1]in!$R$1172 -> 0 | Q17: =SUM(E17:P17) -> 34010 | R17: =SUM(E17:G17) -> 27470 | S17: =SUM(H17:J17) -> 6540 | T17: =SUM(K17:M17) -> 0 | U17: =SUM(N17:P17) -> 0 | V17: =SUM(E17:J17) -> 34010 | Z17: =SUM(K17:P17) -> 0 | AA17: =Q17/$Q$36 -> 0.0115597 | AN17: =SUM(AB17:AM17) -> 0
B18: STC | C18: kg | E18: =[1]in!$D$1177 -> 201 | F18: =[1]in!$E$1177 -> 549 | G18: =[1]in!$F$1177 -> 6265 | H18: =[1]in!$H$1177 -> 5243 | I18: =[1]in!$I$1177 -> 0 | J18: =[1]in!$J$1177 -> 0 | K18: =[1]in!$L$1177 -> 0 | L18: =[1]in!$M$1177 -> 0 | M18: =[1]in!$N$1177 -> 0 | N18: =[1]in!$P$1177 -> 0 | O18: =[1]in!$Q$1177 -> 0 | P18: =[1]in!$R$1177 -> 0 | Q18: =SUM(E18:P18) -> 12258 | R18: =SUM(E18:G18) -> 7015 | S18: =SUM(H18:J18) -> 5243 | T18: =SUM(K18:M18) -> 0 | U18: =SUM(N18:P18) -> 0 | V18: =SUM(E18:J18) -> 12258 | Z18: =SUM(K18:P18) -> 0 | AA18: =Q18/$Q$36 -> 0.0041663863 | AN18: =SUM(AB18:AM18) -> 0
B19: TMFC | C19: kg | E19: =[1]in!$D$1178 -> 11212 | F19: =[1]in!$E$1178 -> 11791 | G19: =[1]in!$F$1178 -> 18964 | H19: =[1]in!$H$1178 -> 7350 | I19: =[1]in!$I$1178 -> 0 | J19: =[1]in!$J$1178 -> 0 | K19: =[1]in!$L$1178 -> 0 | L19: =[1]in!$M$1178 -> 0 | M19: =[1]in!$N$1178 -> 0 | N19: =[1]in!$P$1178 -> 0 | O19: =[1]in!$Q$1178 -> 0 | P19: =[1]in!$R$1178 -> 0 | Q19: =SUM(E19:P19) -> 49317 | R19: =SUM(E19:G19) -> 41967 | S19: =SUM(H19:J19) -> 7350 | T19: =SUM(K19:M19) -> 0 | U19: =SUM(N19:P19) -> 0 | V19: =SUM(E19:J19) -> 49317 | Z19: =SUM(K19:P19) -> 0 | AA19: =Q19/$Q$36 -> 0.016762414 | AN19: =SUM(AB19:AM19) -> 0
B20: RTC | C20: kg | E20: =[1]in!$D$1184 -> 800 | F20: =[1]in!$E$1184 -> 340 | G20: =[1]in!$F$1184 -> 250 | H20: =[1]in!$H$1184 -> 2290 | I20: =[1]in!$I$1184 -> 0 | J20: =[1]in!$J$1184 -> 0 | K20: =[1]in!$L$1184 -> 0 | L20: =[1]in!$M$1184 -> 0 | M20: =[1]in!$N$1184 -> 0 | N20: =[1]in!$P$1184 -> 0 | O20: =[1]in!$Q$1184 -> 0 | P20: =[1]in!$R$1184 -> 0 | Q20: =SUM(E20:P20) -> 3680 | R20: =SUM(E20:G20) -> 1390 | S20: =SUM(H20:J20) -> 2290 | T20: =SUM(K20:M20) -> 0 | U20: =SUM(N20:P20) -> 0 | V20: =SUM(E20:J20) -> 3680 | Z20: =SUM(K20:P20) -> 0 | AA20: =Q20/$Q$36 -> 0.0012507996 | AN20: =SUM(AB20:AM20) -> 0
A21: Abroad | B21: Chemtech | C21: kg | E21: =[1]in!$D$1162 -> 1679 | F21: =[1]in!$E$1162 -> 1484 | G21: =[1]in!$F$1162 -> 999 | H21: =[1]in!$H$1162 -> 960 | I21: =[1]in!$I$1162 -> 0 | J21: =[1]in!$J$1162 -> 0 | K21: =[1]in!$L$1162 -> 0 | L21: =[1]in!$M$1162 -> 0 | M21: =[1]in!$N$1162 -> 0 | N21: =[1]in!$P$1162 -> 0 | O21: =[1]in!$Q$1162 -> 0 | P21: =[1]in!$R$1162 -> 0 | Q21: =SUM(E21:P21) -> 5122 | R21: =SUM(E21:G21) -> 4162 | S21: =SUM(H21:J21) -> 960 | T21: =SUM(K21:M21) -> 0 | U21: =SUM(N21:P21) -> 0 | V21: =SUM(E21:J21) -> 5122 | Z21: =SUM(K21:P21) -> 0 | AA21: =Q21/$Q$37 -> 0.0021681974 | AN21: =SUM(AB21:AM21) -> 0
B22: TPC Indo | C22: kg | E22: =[1]in!$D$1163 -> 223674 | F22: =[1]in!$E$1163 -> 256577 | G22: =[1]in!$F$1163 -> 226612 | H22: =[1]in!$H$1163 -> 0 | I22: =[1]in!$I$1163 -> 0 | J22: =[1]in!$J$1163 -> 0 | K22: =[1]in!$L$1163 -> 0 | L22: =[1]in!$M$1163 -> 0 | M22: =[1]in!$N$1163 -> 0 | N22: =[1]in!$P$1163 -> 0 | O22: =[1]in!$Q$1163 -> 0 | P22: =[1]in!$R$1163 -> 0 | Q22: =SUM(E22:P22) -> 706863 | R22: =SUM(E22:G22) -> 706863 | S22: =SUM(H22:J22) -> 0 | T22: =SUM(K22:M22) -> 0 | U22: =SUM(N22:P22) -> 0 | V22: =SUM(E22:J22) -> 706863 | Z22: =SUM(K22:P22) -> 0 | AA22: =Q22/$Q$37 -> 0.29922267 | AN22: =SUM(AB22:AM22) -> 0
B23: TPC Vina | C23: kg | E23: =[1]in!$D$1165 -> 1490 | F23: =[1]in!$E$1165 -> 0 | G23: =[1]in!$F$1165 -> 3597 | H23: =[1]in!$H$1165 -> 0 | I23: =[1]in!$I$1165 -> 0 | J23: =[1]in!$J$1165 -> 0 | K23: =[1]in!$L$1165 -> 0 | L23: =[1]in!$M$1165 -> 0 | M23: =[1]in!$N$1165 -> 0 | N23: =[1]in!$P$1165 -> 0 | O23: =[1]in!$Q$1165 -> 0 | P23: =[1]in!$R$1165 -> 0 | Q23: =SUM(E23:P23) -> 5087 | R23: =SUM(E23:G23) -> 5087 | S23: =SUM(H23:J23) -> 0 | T23: =SUM(K23:M23) -> 0 | U23: =SUM(N23:P23) -> 0 | V23: =SUM(E23:J23) -> 5087 | Z23: =SUM(K23:P23) -> 0 | AA23: =Q23/$Q$37 -> 0.0021533816 | AN23: =SUM(AB23:AM23) -> 0
B24: Viet-Thai | C24: kg | E24: =[1]in!$D$1166 -> 2470 | F24: =[1]in!$E$1166 -> 2800 | G24: =[1]in!$F$1166 -> 2190 | H24: =[1]in!$H$1166 -> 2560 | I24: =[1]in!$I$1166 -> 0 | J24: =[1]in!$J$1166 -> 0 | K24: =[1]in!$L$1166 -> 0 | L24: =[1]in!$M$1166 -> 0 | M24: =[1]in!$N$1166 -> 0 | N24: =[1]in!$P$1166 -> 0 | O24: =[1]in!$Q$1166 -> 0 | P24: =[1]in!$R$1166 -> 0 | Q24: =SUM(E24:P24) -> 10020 | R24: =SUM(E24:G24) -> 7460 | S24: =SUM(H24:J24) -> 2560 | T24: =SUM(K24:M24) -> 0 | U24: =SUM(N24:P24) -> 0 | V24: =SUM(E24:J24) -> 10020 | Z24: =SUM(K24:P24) -> 0 | AA24: =Q24/$Q$37 -> 0.0042415733 | AN24: =SUM(AB24:AM24) -> 0
B25: BMP | C25: kg | E25: =[1]in!$D$1170 -> 3600 | F25: =[1]in!$E$1170 -> 1581 | G25: =[1]in!$F$1170 -> 3225 | H25: =[1]in!$H$1170 -> 0 | I25: =[1]in!$I$1170 -> 0 | J25: =[1]in!$J$1170 -> 0 | K25: =[1]in!$L$1170 -> 0 | L25: =[1]in!$M$1170 -> 0 | M25: =[1]in!$N$1170 -> 0 | N25: =[1]in!$P$1170 -> 0 | O25: =[1]in!$Q$1170 -> 0 | P25: =[1]in!$R$1170 -> 0 | Q25: =SUM(E25:P25) -> 8406 | R25: =SUM(E25:G25) -> 8406 | S25: =SUM(H25:J25) -> 0 | T25: =SUM(K25:M25) -> 0 | U25: =SUM(N25:P25) -> 0 | V25: =SUM(E25:J25) -> 8406 | Z25: =SUM(K25:P25) -> 0 | AA25: =Q25/$Q$37 -> 0.0035583498 | AN25: =SUM(AB25:AM25) -> 0
B26: NPIC | C26: kg | E26: =[1]in!$D$1175 -> 119 | F26: =[1]in!$E$1175 -> 775 | G26: =[1]in!$F$1175 -> 115 | H26: =[1]in!$H$1175 -> 505 | I26: =[1]in!$I$1175 -> 0 | J26: =[1]in!$J$1175 -> 0 | K26: =[1]in!$L$1175 -> 0 | L26: =[1]in!$M$1175 -> 0 | M26: =[1]in!$N$1175 -> 0 | N26: =[1]in!$P$1175 -> 0 | O26: =[1]in!$Q$1175 -> 0 | P26: =[1]in!$R$1175 -> 0 | Q26: =SUM(E26:P26) -> 1514 | R26: =SUM(E26:G26) -> 1009 | S26: =SUM(H26:J26) -> 505 | T26: =SUM(K26:M26) -> 0 | U26: =SUM(N26:P26) -> 0 | V26: =SUM(E26:J26) -> 1514 | Z26: =SUM(K26:P26) -> 0 | AA26: =Q26/$Q$37 -> 0.00064089241 | AN26: =SUM(AB26:AM26) -> 0
B27: NBM | C27: kg | E27: =[1]in!$D$1179 -> 400 | F27: =[1]in!$E$1179 -> 303 | G27: =[1]in!$F$1179 -> 504 | H27: =[1]in!$H$1179 -> 317 | I27: =[1]in!$I$1179 -> 0 | J27: =[1]in!$J$1179 -> 0 | K27: =[1]in!$L$1179 -> 0 | L27: =[1]in!$M$1179 -> 0 | M27: =[1]in!$N$1179 -> 0 | N27: =[1]in!$P$1179 -> 0 | O27: =[1]in!$Q$1179 -> 0 | P27: =[1]in!$R$1179 -> 0 | Q27: =SUM(E27:P27) -> 1524 | R27: =SUM(E27:G27) -> 1207 | S27: =SUM(H27:J27) -> 317 | T27: =SUM(K27:M27) -> 0 | U27: =SUM(N27:P27) -> 0 | V27: =SUM(E27:J27) -> 1524 | Z27: =SUM(K27:P27) -> 0 | AA27: =Q27/$Q$37 -> 0.00064512551 | AN27: =SUM(AB27:AM27) -> 0
B28: BNI | C28: kg | E28: =[1]in!$D$1180 -> 148 | F28: =[1]in!$E$1180 -> 164 | G28: =[1]in!$F$1180 -> 139 | H28: =[1]in!$H$1180 -> 176 | I28: =[1]in!$I$1180 -> 0 | J28: =[1]in!$J$1180 -> 0 | K28: =[1]in!$L$1180 -> 0 | L28: =[1]in!$M$1180 -> 0 | M28: =[1]in!$N$1180 -> 0 | N28: =[1]in!$P$1180 -> 0 | O28: =[1]in!$Q$1180 -> 0 | P28: =[1]in!$R$1180 -> 0 | Q28: =SUM(E28:P28) -> 627 | R28: =SUM(E28:G28) -> 451 | S28: =SUM(H28:J28) -> 176 | T28: =SUM(K28:M28) -> 0 | U28: =SUM(N28:P28) -> 0 | V28: =SUM(E28:J28) -> 627 | Z28: =SUM(K28:P28) -> 0 | AA28: =Q28/$Q$37 -> 0.00026541581 | AN28: =SUM(AB28:AM28) -> 0
B29: Sirplaste | C29: kg | E29: =[1]in!$D$1186 -> 150 | F29: =[1]in!$E$1186 -> 60 | G29: =[1]in!$F$1186 -> 100 | H29: =[1]in!$H$1186 -> 231 | I29: =[1]in!$I$1186 -> 0 | J29: =[1]in!$J$1186 -> 0 | K29: =[1]in!$L$1186 -> 0 | L29: =[1]in!$M$1186 -> 0 | M29: =[1]in!$N$1186 -> 0 | N29: =[1]in!$P$1186 -> 0 | O29: =[1]in!$Q$1186 -> 0 | P29: =[1]in!$R$1186 -> 0 | Q29: =SUM(E29:P29) -> 541 | R29: =SUM(E29:G29) -> 310 | S29: =SUM(H29:J29) -> 231 | T29: =SUM(K29:M29) -> 0 | U29: =SUM(N29:P29) -> 0 | V29: =SUM(E29:J29) -> 541 | Z29: =SUM(K29:P29) -> 0 | AA29: =Q29/$Q$37 -> 0.00022901109 | AN29: =SUM(AB29:AM29) -> 0
B30: LSP - Up | C30: kg | E30: =[1]in!$D$1161 -> 24489 | F30: =[1]in!$E$1161 -> 12777 | G30: =[1]in!$F$1161 -> 3400 | H30: =[1]in!$H$1161 -> 0 | I30: =[1]in!$I$1161 -> 0 | J30: =[1]in!$J$1161 -> 0 | K30: =[1]in!$L$1161 -> 0 | L30: =[1]in!$M$1161 -> 0 | M30: =[1]in!$N$1161 -> 0 | N30: =[1]in!$P$1161 -> 0 | O30: =[1]in!$Q$1161 -> 0 | P30: =[1]in!$R$1161 -> 0 | Q30: =SUM(E30:P30) -> 40666 | R30: =SUM(E30:G30) -> 40666 | S30: =SUM(H30:J30) -> 0 | T30: =SUM(K30:M30) -> 0 | U30: =SUM(N30:P30) -> 0 | V30: =SUM(E30:J30) -> 40666 | Z30: =SUM(K30:P30) -> 0 | AN30: =SUM(AB30:AM30) -> 0
B31: LSP - Poly | C31: kg | E31: =[1]in!$D$1169 -> 73641 | F31: =[1]in!$E$1169 -> 62890 | G31: =[1]in!$F$1169 -> 181140 | H31: =[1]in!$H$1169 -> 107354 | I31: =[1]in!$I$1169 -> 0 | J31: =[1]in!$J$1169 -> 0 | K31: =[1]in!$L$1169 -> 0 | L31: =[1]in!$M$1169 -> 0 | M31: =[1]in!$N$1169 -> 0 | N31: =[1]in!$P$1169 -> 0 | O31: =[1]in!$Q$1169 -> 0 | P31: =[1]in!$R$1169 -> 0 | Q31: =SUM(E31:P31) -> 425025 | R31: =SUM(E31:G31) -> 317671 | S31: =SUM(H31:J31) -> 107354 | T31: =SUM(K31:M31) -> 0 | U31: =SUM(N31:P31) -> 0 | V31: =SUM(E31:J31) -> 425025 | Z31: =SUM(K31:P31) -> 0 | AN31: =SUM(AB31:AM31) -> 0
B32: LSP Complex | C32: kg | E32: =SUM(E30:E31) -> 98130 | F32: =SUM(F30:F31) -> 75667 | G32: =SUM(G30:G31) -> 184540 | H32: =SUM(H30:H31) -> 107354 | I32: =SUM(I30:I31) -> 0 | J32: =SUM(J30:J31) -> 0 | K32: =SUM(K30:K31) -> 0 | L32: =SUM(L30:L31) -> 0 | ... P32: =SUM(P30:P31) -> 0 | Q32: =SUM(E32:P32) -> 465691 | R32: =SUM(E32:G32) -> 358337 | S32: =SUM(H32:J32) -> 107354 | T32: =SUM(K32:M32) -> 0 | U32: =SUM(N32:P32) -> 0 | V32: =SUM(E32:J32) -> 465691 | Z32: =SUM(K32:P32) -> 0
B33: GNM | C33: kg | E33: =[1]in!$D$1171 -> 11 | F33: =[1]in!$E$1171 -> 20 | G33: =[1]in!$F$1171 -> 10 | H33: =[1]in!$H$1171 -> 10 | I33: =[1]in!$I$1171 -> 0 | J33: =[1]in!$J$1171 -> 0 | K33: =[1]in!$L$1171 -> 0 | L33: =[1]in!$M$1171 -> 0 | M33: =[1]in!$N$1171 -> 0 | N33: =[1]in!$P$1171 -> 0 | O33: =[1]in!$Q$1171 -> 0 | P33: =[1]in!$R$1171 -> 0 | Q33: =SUM(E33:P33) -> 51 | R33: =SUM(E33:G33) -> 41 | S33: =SUM(H33:J33) -> 10 | T33: =SUM(K33:M33) -> 0 | U33: =SUM(N33:P33) -> 0 | V33: =SUM(E33:J33) -> 51 | Z33: =SUM(K33:P33) -> 0 | AN33: =SUM(AB33:AM33) -> 0
B34: NPI Group | C34: kg | E34: =SUM(E8:E10,E25:E28,E33) -> 20135 | F34: =SUM(F8:F10,F25:F28,F33) -> 30332 | G34: =SUM(G8:G10,G25:G28,G33) -> 23243 | H34: =SUM(H8:H10,H25:H28,H33) -> 1900 | I34: =SUM(I8:I10,I25:I28,I33) -> 0 | J34: =SUM(J8:J10,J25:J28,J33) -> 0 | K34: =SUM(K8:K10,K25:K28,K33) -> 0 | L34: =SUM(L8:L10,L25:L28,L33) -> 0 | ... P34: =SUM(P8:P10,P25:P28,P33) -> 0 | Q34: =SUM(E34:P34) -> 75610 | R34: =SUM(E34:G34) -> 73710 | S34: =SUM(H34:J34) -> 1900 | T34: =SUM(K34:M34) -> 0 | U34: =SUM(N34:P34) -> 0 | V34: =SUM(E34:J34) -> 75610 | Z34: =SUM(K34:P34) -> 0
A36: Total SCGC | C36: kg | E36: =SUM(E5:E29,E32:E33) -> 754206 | F36: =SUM(F5:F29,F32:F33) -> 924156 | G36: =SUM(G5:G29,G32:G33) -> 771989 | H36: =SUM(H5:H29,H32:H33) -> 491767 | I36: =SUM(I5:I29,I32:I33) -> 0 | J36: =SUM(J5:J29,J32:J33) -> 0 | K36: =SUM(K5:K29,K32:K33) -> 0 | L36: =SUM(L5:L29,L32:L33) -> 0 | ... V36: =SUM(V5:V29,V32:V33) -> 2942118 | Z36: =SUM(Z5:Z33) -> 0 | AB36: =SUM(AB5:AB33) -> 0 | AC36: =SUM(AC5:AC33) -> 0 | AD36: =SUM(AD5:AD33) -> 0 | AE36: =SUM(AE5:AE33) -> 0 | AF36: =SUM(AF5:AF33) -> 0 | AG36: =SUM(AG5:AG33) -> 0 | AH36: =SUM(AH5:AH33) -> 0 | AI36: =SUM(AI5:AI33) -> 0 | ... AN36: =SUM(AN5:AN33) -> 0
A37: Total SCGC (Sub only) | C37: kg | E37: =SUM(E5:E15,E21:E29,E32:E33) -> 713420 | F37: =SUM(F5:F15,F21:F29,F32:F33) -> 784364 | G37: =SUM(G5:G15,G21:G29,G32:G33) -> 625180 | H37: =SUM(H5:H15,H21:H29,H32:H33) -> 239367 | I37: =SUM(I5:I15,I21:I29,I32:I33) -> 0 | J37: =SUM(J5:J15,J21:J29,J32:J33) -> 0 | K37: =SUM(K5:K15,K21:K29,K32:K33) -> 0 | L37: =SUM(L5:L15,L21:L29,L32:L33) -> 0 | ... Z37: =SUM(Z5:Z15,Z21:Z29,Z32:Z33) -> 0 | AB37: =SUM(AB5:AB15,AB21:AB33) -> 0 | AC37: =SUM(AC5:AC15,AC21:AC33) -> 0 | AD37: =SUM(AD5:AD15,AD21:AD33) -> 0 | AE37: =SUM(AE5:AE15,AE21:AE33) -> 0 | AF37: =SUM(AF5:AF15,AF21:AF33) -> 0 | AG37: =SUM(AG5:AG15,AG21:AG33) -> 0 | AH37: =SUM(AH5:AH15,AH21:AH33) -> 0 | AI37: =SUM(AI5:AI15,AI21:AI33) -> 0 | ... AN37: =SUM(AN5:AN15,AN21:AN33) -> 0
A39: Thailand (Sub) | C39: kg | E39: =SUM(E5:E15) -> 381549 | F39: =SUM(F5:F15) -> 444933 | G39: =SUM(G5:G15) -> 203149 | H39: =SUM(H5:H15) -> 127254 | I39: =SUM(I5:I15) -> 0 | J39: =SUM(J5:J15) -> 0 | K39: =SUM(K5:K15) -> 0 | L39: =SUM(L5:L15) -> 0 | ... Q39: =SUM(Q5:Q15) -> 1156885
A40: Abroad (Sub) | C40: kg | E40: =SUM(E21:E29,E32:E33) -> 331871 | F40: =SUM(F21:F29,F32:F33) -> 339431 | G40: =SUM(G21:G29,G32:G33) -> 422031 | H40: =SUM(H21:H29,H32:H33) -> 112113 | I40: =SUM(I21:I29,I32:I33) -> 0 | J40: =SUM(J21:J29,J32:J33) -> 0 | K40: =SUM(K21:K29,K32:K33) -> 0 | L40: =SUM(L21:L29,L32:L33) -> 0 | ... Q40: =SUM(Q21:Q29,Q32:Q33) -> 1205446
AF43: =I36-AF36 -> 0 | AG43: =J36-AG36 -> 0 | AH43: =K36-AH36 -> 0 | AI43: =L36-AI36 -> 0 | AJ43: =M36-AJ36 -> 0 | AK43: Normal Waste | AN43: =Q36-AN36 -> 2942118
A44: Hz Waste Generated intensity | AF44: =AF43/Production!I32 -> #DIV/0! | AG44: =AG43/Production!J32 -> #DIV/0! | AH44: =AH43/Production!K32 -> #DIV/0! | AI44: =AI43/Production!L32 -> #DIV/0! | AJ44: =AJ43/Production!M32 -> #DIV/0! | AK44: Specifice Normal Waste | AN44: =AN43/Production!Q32 -> 0.81436409
B45: Company | C45: Unit | D45: Target | E45: 46023 | F45: 46054 | G45: 46082 | H45: 46113 | I45: 46143 | J45: 46174 | K45: 46204 | L45: 46235 | M45: 46266 | N45: 46296 | O45: 46327 | P45: 46357 | Q45: YTD 2026 | R45: Q1 | S45: Q2 | T45: Q3 | U45: Q4 | V45: H1 | Z45: H2
A46: Domestic | B46: MOC | C46: kg/ton | D46: 0.42 | E46: =E3/Production!E3 -> 0.011595311 | F46: =F3/Production!F3 -> 1.0155072 | G46: =G3/Production!G3 -> 0.057212573 | H46: =H3/Production!H3 -> 0.011018189 | I46: =I3/Production!I3 -> #DIV/0! | J46: =J3/Production!J3 -> #DIV/0! | K46: =K3/Production!K3 -> #DIV/0! | L46: =L3/Production!L3 -> #DIV/0! | ... Q46: =Q3/Production!Q3 -> 0.25479692
B47: ROC | C47: kg/ton | D47: 0.58 | E47: =E4/Production!E4 -> 0.81151981 | F47: =F4/Production!F4 -> 0.30405423 | G47: =G4/Production!G4 -> 0.22087089 | H47: =H4/Production!H4 -> 5.5174548 | I47: =I4/Production!I4 -> #DIV/0! | J47: =J4/Production!J4 -> #DIV/0! | K47: =K4/Production!K4 -> #DIV/0! | L47: =L4/Production!L4 -> #DIV/0! | ... Q47: =Q4/Production!Q4 -> 0.60091579
B48: Olefins | C48: kg/ton | D48: 0.5 | E48: =E5/Production!E5 -> 0.33426559 | F48: =F5/Production!F5 -> 0.72806619 | G48: =G5/Production!G5 -> 0.087291115 | H48: =H5/Production!H5 -> 0.14869372 | I48: =I5/Production!I5 -> #DIV/0! | J48: =J5/Production!J5 -> #DIV/0! | K48: =K5/Production!K5 -> #DIV/0! | L48: =L5/Production!L5 -> #DIV/0! | ... Q48: =Q5/Production!Q5 -> 0.35235855 | AK48: Sub Normal | AN48: =Q37-AN37 -> 2362331
B49: TPC RY | C49: kg/ton | D49: 0.68 | E49: =E6/Production!E6 -> 0.31577387 | F49: =F6/Production!F6 -> 0.44454219 | G49: =G6/Production!G6 -> 0.35335509 | H49: =H6/Production!H6 -> 0.34094066 | I49: =I6/Production!I6 -> #DIV/0! | J49: =J6/Production!J6 -> #DIV/0! | K49: =K6/Production!K6 -> #DIV/0! | L49: =L6/Production!L6 -> #DIV/0! | ... Q49: =Q6/Production!Q6 -> 0.3625635 | AN49: =AN48/Production!Q33 -> 0.68340055
B50: TPE | C50: kg/ton | D50: 0.68 | E50: =E7/Production!E7 -> 0.33238824 | F50: =F7/Production!F7 -> 0.60656092 | G50: =G7/Production!G7 -> 0.6649663 | H50: =H7/Production!H7 -> 0.35598999 | I50: =I7/Production!I7 -> #DIV/0! | J50: =J7/Production!J7 -> #DIV/0! | K50: =K7/Production!K7 -> #DIV/0! | L50: =L7/Production!L7 -> #DIV/0! | ... Q50: =Q7/Production!Q7 -> 0.48839399
B51: NPI RY | C51: kg/ton | D51: 5.853 | E51: =(E8+E10)/Production!E8 -> 2.7040843 | F51: =(F8+F10)/Production!F8 -> 5.3245894 | G51: =(G8+G10)/Production!G8 -> 3.2137316 | H51: =(H8+H10)/Production!H8 -> 0.21782662 | I51: =(I8+I10)/Production!I8 -> #DIV/0! | J51: =(J8+J10)/Production!J8 -> #DIV/0! | K51: =(K8+K10)/Production!K8 -> #DIV/0! | L51: =(L8+L10)/Production!L8 -> #DIV/0! | ... Q51: =(Q8+Q10)/Production!Q8 -> 2.8861406
B52: NPI SB | C52: kg/ton | D52: 1.01 | E52: =E9/Production!E9 -> 0.66809561 | F52: =F9/Production!F9 -> 0.70494808 | G52: =G9/Production!G9 -> 0.29662424 | H52: =H9/Production!H9 -> 0 | I52: =I9/Production!I9 -> #DIV/0! | J52: =J9/Production!J9 -> #DIV/0! | K52: =K9/Production!K9 -> #DIV/0! | L52: =L9/Production!L9 -> #DIV/0! | ... Q52: =Q9/Production!Q9 -> 0.43049182
B53: SCGC ICO | C53: kg/ton | D53: 0.1 | E53: =E11/Production!E10 -> 0 | F53: =F11/Production!F10 -> 0 | G53: =G11/Production!G10 -> 0 | H53: =H11/Production!H10 -> 0 | I53: =I11/Production!I10 -> #DIV/0! | J53: =J11/Production!J10 -> #DIV/0! | K53: =K11/Production!K10 -> #DIV/0! | L53: =L11/Production!L10 -> #DIV/0! | ... Q53: =Q11/Production!Q10 -> 0
B54: Cirplas | C54: kg/ton | D54: 305.26 | E54: =E12/Production!E11 -> 195.974 | F54: =F12/Production!F11 -> 17.618797 | G54: =G12/Production!G11 -> 280.11879 | H54: =H12/Production!H11 -> 124.18144 | I54: =I12/Production!I11 -> #DIV/0! | J54: =J12/Production!J11 -> #DIV/0! | K54: =K12/Production!K11 -> #DIV/0! | L54: =L12/Production!L11 -> #DIV/0! | ... Q54: =Q12/Production!Q11 -> 157.1206
B55: Teamplas | C55: kg/ton | D55: 21.67 | E55: =E13/Production!E12 -> 2.4042943 | F55: =F13/Production!F12 -> 4.4540911 | G55: =G13/Production!G12 -> 4.0544397 | H55: =H13/Production!H12 -> 3.3374595 | I55: =I13/Production!I12 -> #DIV/0! | J55: =J13/Production!J12 -> #DIV/0! | K55: =K13/Production!K12 -> #DIV/0! | L55: =L13/Production!L12 -> #DIV/0! | ... Q55: =Q13/Production!Q12 -> 3.5191329
B56: MTT | C56: ton | D56: 38583.333 | E56: =E14 -> 116559 | F56: =F14 -> 17700 | G56: =G14 -> 650 | H56: =H14 -> 650 | I56: =I14 -> 0 | J56: =J14 -> 0 | K56: =K14 -> 0 | L56: =L14 -> 0 | ... Q56: =Q14 -> 135559 | AA56: =463/12 -> 38.583333
B57: TMMA | C57: kg/ton | D57: 4.78 | E57: =E16/Production!E13 -> 0.80242134 | F57: =F16/Production!F13 -> 4.5799669 | G57: =G16/Production!G13 -> 4.6066584 | H57: =H16/Production!H13 -> 9.7175733 | I57: =I16/Production!I13 -> #DIV/0! | J57: =J16/Production!J13 -> #DIV/0! | K57: =K16/Production!K13 -> #DIV/0! | L57: =L16/Production!L13 -> #DIV/0! | ... Q57: =Q16/Production!Q13 -> 4.8126315
B58: GSC | C58: kg/ton | D58: 1.1 | E58: =E17/Production!E14 -> 0.59408528 | F58: =F17/Production!F14 -> 0.88610685 | G58: =G17/Production!G14 -> 0.77560726 | H58: =H17/Production!H14 -> 0.5822083 | I58: =I17/Production!I14 -> #DIV/0! | J58: =J17/Production!J14 -> #DIV/0! | K58: =K17/Production!K14 -> #DIV/0! | L58: =L17/Production!L14 -> #DIV/0! | ... Q58: =Q17/Production!Q14 -> 0.71087103
B59: STC | C59: kg/ton | D59: 0.39 | E59: =E18/Production!E15 -> 0.34345471 | F59: =F18/Production!F15 -> 1.2805859 | G59: =G18/Production!G15 -> 7.1009203 | H59: =H18/Production!H15 -> 8.0859333 | I59: =I18/Production!I15 -> #DIV/0! | J59: =J18/Production!J15 -> #DIV/0! | K59: =K18/Production!K15 -> #DIV/0! | L59: =L18/Production!L15 -> #DIV/0! | ... Q59: =Q18/Production!Q15 -> 4.8172033
B60: TMFC | C60: kg/ton | D60: 8.92 | E60: =E19/Production!E16 -> 8.0373912 | F60: =F19/Production!F16 -> 8.2348586 | G60: =G19/Production!G16 -> 12.647388 | H60: =H19/Production!H16 -> 4.9319922 | I60: =I19/Production!I16 -> #DIV/0! | J60: =J19/Production!J16 -> #DIV/0! | K60: =K19/Production!K16 -> #DIV/0! | L60: =L19/Production!L16 -> #DIV/0! | ... Q60: =Q19/Production!Q16 -> 8.4787665
B61: RTC | C61: ton | D61: 5000 | E61: =E20 -> 800 | F61: =F20 -> 340 | G61: =G20 -> 250 | H61: =H20 -> 2290 | I61: =I20 -> 0 | J61: =J20 -> 0 | K61: =K20 -> 0 | L61: =L20 -> 0 | ... Q61: =Q20 -> 3680 | AA61: =60/12 -> 5
A62: Abroad | B62: Chemtech | C62: kg/ton | D62: 2.3 | E62: =E21/Production!E17 -> 2.2162968 | F62: =F21/Production!F17 -> 2.2250544 | G62: =G21/Production!G17 -> 1.2814428 | H62: =H21/Production!H17 -> 1.1205005 | I62: =I21/Production!I17 -> #DIV/0! | J62: =J21/Production!J17 -> #DIV/0! | K62: =K21/Production!K17 -> #DIV/0! | L62: =L21/Production!L17 -> #DIV/0! | ... Q62: =Q21/Production!Q17 -> 1.6733804
B63: TPC Indo | C63: kg/ton | D63: 38.35 | E63: =E22/Production!E18 -> 34.307512 | F63: =F22/Production!F18 -> 31.826741 | G63: =G22/Production!G18 -> 27.696136 | H63: =H22/Production!H18 -> #DIV/0! | I63: =I22/Production!I18 -> #DIV/0! | J63: =J22/Production!J18 -> #DIV/0! | K63: =K22/Production!K18 -> #DIV/0! | L63: =L22/Production!L18 -> #DIV/0! | ... Q63: =Q22/Production!Q18 -> 31.052556
B64: TPC Vina | C64: kg/ton | D64: 0.15 | E64: =E23/Production!E19 -> 0.1014627 | F64: =F23/Production!F19 -> 0 | G64: =G23/Production!G19 -> 0.35951657 | H64: =H23/Production!H19 -> 0 | I64: =I23/Production!I19 -> #DIV/0! | J64: =J23/Production!J19 -> #DIV/0! | K64: =K23/Production!K19 -> #DIV/0! | L64: =L23/Production!L19 -> #DIV/0! | ... Q64: =Q23/Production!Q19 -> 0.12068693
B65: Viet-Thai | C65: kg/ton | D65: 2.15 | E65: =E24/Production!E20 -> 1.3097889 | F65: =F24/Production!F20 -> 2.810737 | G65: =G24/Production!G20 -> 1.9625414 | H65: =H24/Production!H20 -> 1.9861898 | I65: =I24/Production!I20 -> #DIV/0! | J65: =J24/Production!J20 -> #DIV/0! | K65: =K24/Production!K20 -> #DIV/0! | L65: =L24/Production!L20 -> #DIV/0! | ... Q65: =Q24/Production!Q20 -> 1.8952935
B66: BMP | C66: kg/ton | D66: 0.61 | E66: =E25/Production!E21 -> 0.50313903 | F66: =F25/Production!F21 -> 0.61298077 | G66: =G25/Production!G21 -> 0.32549586 | H66: =H25/Production!H21 -> #DIV/0! | I66: =I25/Production!I21 -> #DIV/0! | J66: =J25/Production!J21 -> #DIV/0! | K66: =K25/Production!K21 -> #DIV/0! | L66: =L25/Production!L21 -> #DIV/0! | ... Q66: =Q25/Production!Q21 -> 0.42795526
B67: NPIC | C67: kg/ton | D67: 0.84 | E67: =E26/Production!E22 -> 0.33247653 | F67: =F26/Production!F22 -> 2.5577136 | G67: =G26/Production!G22 -> 0.23096775 | H67: =H26/Production!H22 -> 1.1320078 | I67: =I26/Production!I22 -> #DIV/0! | J67: =J26/Production!J22 -> #DIV/0! | K67: =K26/Production!K22 -> #DIV/0! | L67: =L26/Production!L22 -> #DIV/0! | ... Q67: =Q26/Production!Q22 -> 0.94333745
B68: NBM | C68: kg/ton | D68: 0.99 | E68: =E27/Production!E23 -> 0.62407169 | F68: =F27/Production!F23 -> 0.65260233 | G68: =G27/Production!G23 -> 0.51996018 | H68: =H27/Production!H23 -> 0.47374808 | I68: =I27/Production!I23 -> #DIV/0! | J68: =J27/Production!J23 -> #DIV/0! | K68: =K27/Production!K23 -> #DIV/0! | L68: =L27/Production!L23 -> #DIV/0! | ... Q68: =Q27/Production!Q23 -> 0.55545755
B69: BNI | C69: kg/ton | D69: 0.18 | E69: =E28/Production!E24 -> 0.18181818 | F69: =F28/Production!F24 -> 0.22358555 | G69: =G28/Production!G24 -> 0.24973051 | H69: =H28/Production!H24 -> 0.24390244 | I69: =I28/Production!I24 -> #DIV/0! | J69: =J28/Production!J24 -> #DIV/0! | K69: =K28/Production!K24 -> #DIV/0! | L69: =L28/Production!L24 -> #DIV/0! | ... Q69: =Q28/Production!Q24 -> 0.22189192
B70: Sirplaste | C70: kg/ton | D70: 0.25 | E70: =E29/Production!E25 -> 0.082170574 | F70: =F29/Production!F25 -> 0.02687393 | G70: =G29/Production!G25 -> 0.035479802 | H70: =H29/Production!H25 -> 0.078732831 | I70: =I29/Production!I25 -> #DIV/0! | J70: =J29/Production!J25 -> #DIV/0! | K70: =K29/Production!K25 -> #DIV/0! | L70: =L29/Production!L25 -> #DIV/0! | ... Q70: =Q29/Production!Q25 -> 0.055144458
B71: LSP - Up | C71: kg/ton | D71: - | E71: =E30/Production!E26 -> 0.14764479 | F71: =F30/Production!F26 -> 0.088499958 | G71: =G30/Production!G26 -> 0.018610253 | H71: =H30/Production!H26 -> 0 | I71: =I30/Production!I26 -> #DIV/0! | J71: =J30/Production!J26 -> #DIV/0! | K71: =K30/Production!K26 -> #DIV/0! | L71: =L30/Production!L26 -> #DIV/0! | ... Q71: =Q30/Production!Q26 -> 0.058872203
B72: LSP - Poly | C72: kg/ton | D72: - | E72: =E31/Production!E27 -> 0.66270513 | F72: =F31/Production!F27 -> 0.65369817 | G72: =G31/Production!G27 -> 1.448889 | H72: =H31/Production!H27 -> 1.0509547 | I72: =I31/Production!I27 -> #DIV/0! | J72: =J31/Production!J27 -> #DIV/0! | K72: =K31/Production!K27 -> #DIV/0! | L72: =L31/Production!L27 -> #DIV/0! | ... Q72: =Q31/Production!Q27 -> 0.97819949
B73: LSP Complex | C73: kg/ton | D73: 0.74 | E73: =E32/Production!E28 -> 0.35427768 | F73: =F32/Production!F28 -> 0.31451982 | G73: =G32/Production!G28 -> 0.59971093 | H73: =H32/Production!H28 -> 0.35788576 | I73: =I32/Production!I28 -> #DIV/0! | J73: =J32/Production!J28 -> #DIV/0! | K73: =K32/Production!K28 -> #DIV/0! | L73: =L32/Production!L28 -> #DIV/0! | ... Q73: =Q32/Production!Q28 -> 0.41385643
B74: GNM | C74: kg/ton | D74: 1.26 | E74: =E33/Production!E29 -> 0.017060347 | F74: =F33/Production!F29 -> 0.041243066 | G74: =G33/Production!G29 -> 0.01261209 | H74: =H33/Production!H29 -> 0.02781177 | I74: =I33/Production!I29 -> #DIV/0! | J74: =J33/Production!J29 -> #DIV/0! | K74: =K33/Production!K29 -> #DIV/0! | L74: =L33/Production!L29 -> #DIV/0! | ... Q74: =Q33/Production!Q29 -> 0.022347348
B75: NPI Group | C75: kg/ton | D75: 2.05 | E75: =E34/Production!E30 -> 0.93722558 | F75: =F34/Production!F30 -> 1.8023725 | G75: =G34/Production!G30 -> 0.86354932 | H75: =H34/Production!H30 -> 0.14500051 | I75: =I34/Production!I30 -> #DIV/0! | J75: =J34/Production!J30 -> #DIV/0! | K75: =K34/Production!K30 -> #DIV/0! | L75: =L34/Production!L30 -> #DIV/0! | ... Q75: =Q34/Production!Q30 -> 0.96525523
A77: Total SCGC | C77: kg/ton | E77: =E36/Production!E32 -> 0.74803316 | F77: =F36/Production!F32 -> 1.0117589 | G77: =G36/Production!G32 -> 0.86194376 | H77: =H36/Production!H32 -> 0.61820546 | I77: =I36/Production!I32 -> #DIV/0! | J77: =J36/Production!J32 -> #DIV/0! | K77: =K36/Production!K32 -> #DIV/0! | L77: =L36/Production!L32 -> #DIV/0! | ... V77: =V36/Production!V32 -> 0.81436409 | Z77: =Z36/Production!W32 -> #DIV/0!
A78: Total SCGC (Sub only) | C78: kg/ton | D78: 1.07 | E78: =(E37)/Production!E33 -> 0.73744884 | F78: =(F37)/Production!F33 -> 0.8974624 | G78: =(G37)/Production!G33 -> 0.72949871 | H78: =(H37)/Production!H33 -> 0.31564841 | I78: =(I37)/Production!I33 -> #DIV/0! | J78: =(J37)/Production!J33 -> #DIV/0! | K78: =(K37)/Production!K33 -> #DIV/0! | L78: =(L37)/Production!L33 -> #DIV/0! | ... V78: =(V37)/Production!V33 -> 0.68340055 | Z78: =(Z37)/Production!W33 -> #DIV/0!
A80: Thailand (Sub) | C80: kg/ton | D80: 0.73087283 | E80: =E39/Production!E36 -> 0.58238979 | F80: =F39/Production!F36 -> 0.73465673 | G80: =G39/Production!G36 -> 0.39706515 | H80: =H39/Production!H36 -> 0.28880827 | I80: =I39/Production!I36 -> #DIV/0! | J80: =J39/Production!J36 -> #DIV/0! | K80: =K39/Production!K36 -> #DIV/0! | L80: =L39/Production!L36 -> #DIV/0! | ... Q80: =Q39/Production!Q36 -> 0.52128109
A81: Abroad (Sub) | C81: kg/ton | D81: 1.6552268 | E81: =E40/Production!E37 -> 1.0627607 | F81: =F40/Production!F37 -> 1.2760414 | G81: =G40/Production!G37 -> 1.2291899 | H81: =H40/Production!H37 -> 0.35501039 | I81: =I40/Production!I37 -> #DIV/0! | J81: =J40/Production!J37 -> #DIV/0! | K81: =K40/Production!K37 -> #DIV/0! | L81: =L40/Production!L37 -> #DIV/0! | ... Q81: =Q40/Production!Q37 -> 0.97416195
B85: ='Water withdrawal'!C84 -> 2020 | C85: ='Water withdrawal'!D84 -> 2021 | D85: ='Water withdrawal'!E84 -> 2022 | E85: ='Water withdrawal'!F84 -> 2023 | F85: =E2 -> 46023 | G85: =F2 -> 46054 | H85: =G2 -> 46082 | I85: =H2 -> 46113 | J85: =I2 -> 46143 | K85: =J2 -> 46174 | L85: =K2 -> 46204 | M85: =L2 -> 46235 | ... R85: =Q2 -> YTD 2026
A86: Target | F86: =$D$77 -> 0 | G86: =$D$77 -> 0 | H86: =$D$77 -> 0 | I86: =$D$77 -> 0 | J86: =$D$77 -> 0 | K86: =$D$77 -> 0 | L86: =$D$77 -> 0 | M86: =$D$77 -> 0 | ... R86: =$D$77 -> 0
A87: Actual | B87: =E237 -> 1.5889907 | C87: =F237 -> 1.0945727 | D87: =G237 -> 1.4058352 | E87: ='[3]Hz waste gen'!$Q$59 -> 1.305452 | F87: =E77 -> 0.74803316 | G87: =F77 -> 1.0117589 | H87: =G77 -> 0.86194376 | I87: =H77 -> 0.61820546 | J87: =I77 -> #DIV/0! | K87: =J77 -> #DIV/0! | L87: =K77 -> #DIV/0! | M87: =L77 -> #DIV/0! | ... R87: =Q77 -> 0.81436409
A88: Normalize | J88: =(I36-AF36)/Production!I32 -> #DIV/0! | K88: =(J36-AG36)/Production!J32 -> #DIV/0! | L88: =(K36-AH36)/Production!K32 -> #DIV/0! | R88: =(Q36-AN36)/Production!Q32 -> 0.81436409
A89: Production | B89: ='Water withdrawal'!C87 -> 9.0561442 | C89: ='Water withdrawal'!D87 -> 10.331506 | D89: ='Water withdrawal'!E87 -> 8.0495007 | E89: ='Water withdrawal'!F87 -> 8.2806149
A91: Actual Sub only | B91: ='[2]Hz waste gen'!C59 -> 1.4320631 | C91: ='[2]Hz waste gen'!D59 -> 1.0075551 | D91: ='[2]Hz waste gen'!E59 -> 1.3132585 | E91: ='[4]Hz waste gen'!$Q$60 -> 1.141327
B134: Waste from critical work tracking
D135: 45658 | E135: 45689 | F135: 45717 | G135: 45748 | H135: 45778 | I135: 45809 | J135: 45839 | K135: 45870 | L135: 45901 | M135: 45931 | N135: 45962 | O135: 45992 | P135: YTD 2025 | R135: MTT | S135: Jan - May -25 | T135: =I135 -> 45809 | U135: =J135 -> 45839 | V135: =K135 -> 45870 | W135: =L135 -> 45901 | X135: =M135 -> 45931 | Y135: Nov - Dec -25 | Z135: total
B136: MTT | C136: Plan | I136: =180+160+60 -> 400 | J136: =1000 -> 1000 | K136: 150 | R136: Genrate Plan | S136: 0 | T136: 400 | U136: 60 | V136: 1000 | W136: 370 | X136: 70 | Y136: 30 | Z136: =SUM(S137,T136:Y136) -> 2467
C137: Act | E137: 35 | F137: 390 | G137: 47 | H137: 60 | R137: Dispose | S137: 537 | T137: 419.85 | U137: 100 | Z137: =S137+T137+U137+V137+W137+X137+Y137 -> 1056.85
B138: ROC | C138: Plan
C139: Act | I139: 162.15
B140: RTC | C140: Plan
C141: Act
B142: TMMA | C142: Plan
C143: Act
B144: TMFC | C144: Plan
C145: Act
E158: 2020 | F158: 2021 | G158: 2022 | H158: Plan 2023 | I158: Actual 2023 | J158: Normalize 2023 | K158: Plan 2024
B159: All SCGC | C159: Normal + Special | D159: kg/ton | E159: ='[2]Hz waste gen'!C58 -> 1.5889907 | F159: ='[2]Hz waste gen'!D58 -> 1.0945727 | G159: ='[2]Hz waste gen'!E58 -> 1.4058352 | H159: 1.38 | I159: =$Q$77 -> 0.81436409 | J159: 1.09 | K159: 1.57
C160: Special | D160: kg/ton | E160: =E159-E161 -> 0.15692751 | F160: =F159-F161 -> 0.087017521 | G160: =G159-G161 -> 0.092576702 | H160: =H159-H161 -> 1.38 | I160: =I159-I161 -> 0
C161: Normal | D161: kg/ton | E161: ='[2]Hz waste gen'!C59 -> 1.4320631 | F161: ='[2]Hz waste gen'!D59 -> 1.0075551 | G161: ='[2]Hz waste gen'!E59 -> 1.3132585 | H161: =$AN$46 -> 0 | I161: =$AN$44 -> 0.81436409 | K161: 1.57
C162: Production | D162: Mton | E162: ='[3]Water withdrawal'!E101 -> 9.0561442 | F162: ='[3]Water withdrawal'!F101 -> 10.344746 | G162: ='[3]Water withdrawal'!G101 -> 8.5988599 | H162: ='[3]Water withdrawal'!H101 -> 9.1984955 | I162: ='[3]Water withdrawal'!I101 -> 8280614.9 | K162: =8530086.77562886/1000000 -> 8.5300868
B163: Subsidiary only | C163: Normal + Special | D163: kg/ton | E163: ='[2]Hz waste gen'!U58 -> 0.88315903 | F163: ='[2]Hz waste gen'!V58 -> 0.95549417 | G163: ='[2]Hz waste gen'!W58 -> 0.92286761 | H163: =H159 -> 1.38 | I163: =$Q$78 -> 0.68340055 | J163: 0.89 | K163: 1.38
C164: Special | D164: kg/ton | E164: =E163-E165 -> 0.079030418 | F164: =F163-F165 -> 0.095936063 | G164: =G163-G165 -> 0.050867768 | H164: =H160 -> 1.38 | I164: =I163-I165 -> 0
...

Sheet Waste disposal
A1: Waste Directed to Disposal (Hz + Non) (Exclude LF) | Y1: Special
B2: Company | C2: Unit | D2: Target | E2: 46023 | F2: 46054 | G2: 46082 | H2: 46113 | I2: 46143 | J2: 46174 | K2: 46204 | L2: 46235 | M2: 46266 | N2: 46296 | O2: 46327 | P2: 46357 | Q2: YTD 2026 | R2: Q1 | S2: Q2 | T2: Q3 | U2: Q4 | V2: H1 | W2: H2 | Y2: 46023 | Z2: 46054 | AA2: 46082 | AB2: 46113 | AC2: 46143 | AD2: 46174 | AE2: 46204 | AF2: 46235 | AG2: 46266 | AH2: 46296 | AI2: 46327 | AJ2: 46357 | AK2: YTD-26
A3: Domestic | B3: MOC | C3: kg | E3: =[1]in!$D$1363 -> 2070 | F3: =[1]in!$E$1363 -> 15390 | G3: =[1]in!$F$1363 -> 11940 | H3: =[1]in!$H$1363 -> 1800 | I3: =[1]in!$I$1363 -> 0 | J3: =[1]in!$J$1363 -> 0 | K3: =[1]in!$L$1363 -> 0 | L3: =[1]in!$M$1363 -> 0 | M3: =[1]in!$N$1363 -> 0 | N3: =[1]in!$P$1363 -> 0 | O3: =[1]in!$Q$1363 -> 0 | P3: =[1]in!$R$1363 -> 0 | Q3: =SUM(E3:P3) -> 31200 | R3: =SUM(E3:G3) -> 29400 | S3: =SUM(H3:J3) -> 1800 | T3: =SUM(K3:M3) -> 0 | U3: =SUM(N3:P3) -> 0 | V3: =SUM(E3:J3) -> 31200 | W3: =SUM(K3:P3) -> 0 | X3: =Q3/$Q$37 -> 0.01730171 | AK3: =SUM(Y3:AJ3) -> 0
B4: ROC | C4: kg | E4: =[1]in!$D$1364 -> 2120 | F4: =[1]in!$E$1364 -> 3760 | G4: =[1]in!$F$1364 -> 2390 | H4: =[1]in!$H$1364 -> 750 | I4: =[1]in!$I$1364 -> 0 | J4: =[1]in!$J$1364 -> 0 | K4: =[1]in!$L$1364 -> 0 | L4: =[1]in!$M$1364 -> 0 | M4: =[1]in!$N$1364 -> 0 | N4: =[1]in!$P$1364 -> 0 | O4: =[1]in!$Q$1364 -> 0 | P4: =[1]in!$R$1364 -> 0 | Q4: =SUM(E4:P4) -> 9020 | R4: =SUM(E4:G4) -> 8270 | S4: =SUM(H4:J4) -> 750 | T4: =SUM(K4:M4) -> 0 | U4: =SUM(N4:P4) -> 0 | V4: =SUM(E4:J4) -> 9020 | W4: =SUM(K4:P4) -> 0 | X4: =Q4/$Q$37 -> 0.0050019686 | AK4: =SUM(Y4:AJ4) -> 0
B5: Olefins | C5: kg | E5: =SUM(E3:E4) -> 4190 | F5: =SUM(F3:F4) -> 19150 | G5: =SUM(G3:G4) -> 14330 | H5: =SUM(H3:H4) -> 2550 | I5: =SUM(I3:I4) -> 0 | J5: =SUM(J3:J4) -> 0 | K5: =SUM(K3:K4) -> 0 | L5: =SUM(L3:L4) -> 0 | ... P5: =SUM(P3:P4) -> 0 | Q5: =SUM(E5:P5) -> 40220 | R5: =SUM(E5:G5) -> 37670 | S5: =SUM(H5:J5) -> 2550 | T5: =SUM(K5:M5) -> 0 | U5: =SUM(N5:P5) -> 0 | V5: =SUM(E5:J5) -> 40220 | W5: =SUM(K5:P5) -> 0 | X5: =Q5/$Q$37 -> 0.022303678 | AK5: =SUM(Y5:AJ5) -> 0
B6: TPC RY | C6: kg | E6: =[1]in!$D$1368 -> 24620 | F6: =[1]in!$E$1368 -> 34620 | G6: =[1]in!$F$1368 -> 26410 | H6: =[1]in!$H$1368 -> 23200 | I6: =[1]in!$I$1368 -> 0 | J6: =[1]in!$J$1368 -> 0 | K6: =[1]in!$L$1368 -> 0 | L6: =[1]in!$M$1368 -> 0 | M6: =[1]in!$N$1368 -> 0 | N6: =[1]in!$P$1368 -> 0 | O6: =[1]in!$Q$1368 -> 0 | P6: =[1]in!$R$1368 -> 0 | Q6: =SUM(E6:P6) -> 108850 | R6: =SUM(E6:G6) -> 85650 | S6: =SUM(H6:J6) -> 23200 | T6: =SUM(K6:M6) -> 0 | U6: =SUM(N6:P6) -> 0 | V6: =SUM(E6:J6) -> 108850 | W6: =SUM(K6:P6) -> 0 | X6: =Q6/$Q$37 -> 0.060361894 | AK6: =SUM(Y6:AJ6) -> 0
B7: TPE | C7: kg | E7: =[1]in!$D$1372 -> 9410 | F7: =[1]in!$E$1372 -> 11580 | G7: =[1]in!$F$1372 -> 18000 | H7: =[1]in!$H$1372 -> 5540 | I7: =[1]in!$I$1372 -> 0 | J7: =[1]in!$J$1372 -> 0 | K7: =[1]in!$L$1372 -> 0 | L7: =[1]in!$M$1372 -> 0 | M7: =[1]in!$N$1372 -> 0 | N7: =[1]in!$P$1372 -> 0 | O7: =[1]in!$Q$1372 -> 0 | P7: =[1]in!$R$1372 -> 0 | Q7: =SUM(E7:P7) -> 44530 | R7: =SUM(E7:G7) -> 38990 | S7: =SUM(H7:J7) -> 5540 | T7: =SUM(K7:M7) -> 0 | U7: =SUM(N7:P7) -> 0 | V7: =SUM(E7:J7) -> 44530 | W7: =SUM(K7:P7) -> 0 | X7: =Q7/$Q$37 -> 0.024693754 | AK7: =SUM(Y7:AJ7) -> 0
B8: NPI RY | C8: kg | E8: =[1]in!$D$1377 -> 34860 | F8: =[1]in!$E$1377 -> 41860 | G8: =[1]in!$F$1377 -> 20930 | H8: =[1]in!$H$1377 -> 3930 | I8: =[1]in!$I$1377 -> 0 | J8: =[1]in!$J$1377 -> 0 | K8: =[1]in!$L$1377 -> 0 | L8: =[1]in!$M$1377 -> 0 | M8: =[1]in!$N$1377 -> 0 | N8: =[1]in!$P$1377 -> 0 | O8: =[1]in!$Q$1377 -> 0 | P8: =[1]in!$R$1377 -> 0 | Q8: =SUM(E8:P8) -> 101580 | R8: =SUM(E8:G8) -> 97650 | S8: =SUM(H8:J8) -> 3930 | T8: =SUM(K8:M8) -> 0 | U8: =SUM(N8:P8) -> 0 | V8: =SUM(E8:J8) -> 101580 | W8: =SUM(K8:P8) -> 0 | X8: =Q8/$Q$37 -> 0.056330374 | AK8: =SUM(Y8:AJ8) -> 0
B9: NPI SB | C9: kg | E9: =[1]in!$D$1378 -> 5330 | F9: =[1]in!$E$1378 -> 5770 | G9: =[1]in!$F$1378 -> 7190 | H9: =[1]in!$H$1378 -> 0 | I9: =[1]in!$I$1378 -> 0 | J9: =[1]in!$J$1378 -> 0 | K9: =[1]in!$L$1378 -> 0 | L9: =[1]in!$M$1378 -> 0 | M9: =[1]in!$N$1378 -> 0 | N9: =[1]in!$P$1378 -> 0 | O9: =[1]in!$Q$1378 -> 0 | P9: =[1]in!$R$1378 -> 0 | Q9: =SUM(E9:P9) -> 18290 | R9: =SUM(E9:G9) -> 18290 | S9: =SUM(H9:J9) -> 0 | T9: =SUM(K9:M9) -> 0 | U9: =SUM(N9:P9) -> 0 | V9: =SUM(E9:J9) -> 18290 | W9: =SUM(K9:P9) -> 0 | X9: =Q9/$Q$37 -> 0.010142573 | AK9: =SUM(Y9:AJ9) -> 0
B10: NIT | C10: kg | E10: =[1]in!$D$1386 -> 0 | F10: =[1]in!$E$1386 -> 0 | G10: =[1]in!$F$1386 -> 0 | H10: =[1]in!$H$1386 -> 0 | I10: =[1]in!$I$1386 -> 0 | J10: =[1]in!$J$1386 -> 0 | K10: =[1]in!$L$1386 -> 0 | L10: =[1]in!$M$1386 -> 0 | M10: =[1]in!$N$1386 -> 0 | N10: =[1]in!$P$1386 -> 0 | O10: =[1]in!$Q$1386 -> 0 | P10: =[1]in!$R$1386 -> 0 | Q10: =SUM(E10:P10) -> 0 | R10: =SUM(E10:G10) -> 0 | V10: =SUM(E10:J10) -> 0 | X10: =Q10/$Q$37 -> 0
B11: SCGC ICO | C11: kg | E11: =[1]in!$D$1380 -> 0 | F11: =[1]in!$E$1380 -> 0 | G11: =[1]in!$F$1380 -> 0 | H11: =[1]in!$H$1380 -> 0 | I11: =[1]in!$I$1380 -> 0 | J11: =[1]in!$J$1380 -> 0 | K11: =[1]in!$L$1380 -> 0 | L11: =[1]in!$M$1380 -> 0 | M11: =[1]in!$N$1380 -> 0 | N11: =[1]in!$P$1380 -> 0 | O11: =[1]in!$Q$1380 -> 0 | P11: =[1]in!$R$1380 -> 0 | Q11: =SUM(E11:P11) -> 0 | R11: =SUM(E11:G11) -> 0 | S11: =SUM(H11:J11) -> 0 | T11: =SUM(K11:M11) -> 0 | U11: =SUM(N11:P11) -> 0 | V11: =SUM(E11:J11) -> 0 | W11: =SUM(K11:P11) -> 0 | X11: =Q11/$Q$37 -> 0 | AK11: =SUM(Y11:AJ11) -> 0
B12: Cirplas | C12: kg | E12: =[1]in!$D$1389 -> 0 | F12: =[1]in!$E$1389 -> 42350 | G12: =[1]in!$F$1389 -> 0 | H12: =[1]in!$H$1389 -> 0 | I12: =[1]in!$I$1389 -> 0 | J12: =[1]in!$J$1389 -> 0 | K12: =[1]in!$L$1389 -> 0 | L12: =[1]in!$M$1389 -> 0 | M12: =[1]in!$N$1389 -> 0 | N12: =[1]in!$P$1389 -> 0 | O12: =[1]in!$Q$1389 -> 0 | P12: =[1]in!$R$1389 -> 0 | Q12: =SUM(E12:P12) -> 42350 | R12: =SUM(E12:G12) -> 42350 | S12: =SUM(H12:J12) -> 0 | T12: =SUM(K12:M12) -> 0 | U12: =SUM(N12:P12) -> 0 | V12: =SUM(E12:J12) -> 42350 | W12: =SUM(K12:P12) -> 0 | X12: =Q12/$Q$37 -> 0.023484853 | AK12: =SUM(Y12:AJ12) -> 0
B13: Teamplas | C13: kg | E13: =[1]in!$D$1391 -> 0 | F13: =[1]in!$E$1391 -> 5100 | G13: =[1]in!$F$1391 -> 1500 | H13: =[1]in!$H$1391 -> 2340 | I13: =[1]in!$I$1391 -> 0 | J13: =[1]in!$J$1391 -> 0 | K13: =[1]in!$L$1391 -> 0 | L13: =[1]in!$M$1391 -> 0 | M13: =[1]in!$N$1391 -> 0 | N13: =[1]in!$P$1391 -> 0 | O13: =[1]in!$Q$1391 -> 0 | P13: =[1]in!$R$1391 -> 0 | Q13: =SUM(E13:P13) -> 8940 | R13: =SUM(E13:G13) -> 6600 | V13: =SUM(E13:J13) -> 8940 | X13: =Q13/$Q$37 -> 0.0049576053
B14: MTT | C14: kg | E14: =[1]in!$D$1385 -> 0 | F14: =[1]in!$E$1385 -> 4930 | G14: =[1]in!$F$1385 -> 0 | H14: =[1]in!$H$1385 -> 0 | I14: =[1]in!$I$1385 -> 0 | J14: =[1]in!$J$1385 -> 0 | K14: =[1]in!$L$1385 -> 0 | L14: =[1]in!$M$1385 -> 0 | M14: =[1]in!$N$1385 -> 0 | N14: =[1]in!$P$1385 -> 0 | O14: =[1]in!$Q$1385 -> 0 | P14: =[1]in!$R$1385 -> 0 | Q14: =SUM(E14:P14) -> 4930 | R14: =SUM(E14:G14) -> 4930 | S14: =SUM(H14:J14) -> 0 | T14: =SUM(K14:M14) -> 0 | U14: =SUM(N14:P14) -> 0 | V14: =SUM(E14:J14) -> 4930 | W14: =SUM(K14:P14) -> 0 | X14: =Q14/$Q$37 -> 0.0027338919 | AK14: =SUM(Y14:AJ14) -> 0
B15: RIL | C15: kg | E15: =[1]in!$D$1387 -> 0 | F15: =[1]in!$E$1387 -> 0 | G15: =[1]in!$F$1387 -> 0 | H15: =[1]in!$H$1387 -> 0 | I15: =[1]in!$I$1387 -> 0 | J15: =[1]in!$J$1387 -> 0 | K15: =[1]in!$L$1387 -> 0 | L15: =[1]in!$M$1387 -> 0 | M15: =[1]in!$N$1387 -> 0 | N15: =[1]in!$P$1387 -> 0 | O15: =[1]in!$Q$1387 -> 0 | P15: =[1]in!$R$1387 -> 0 | Q15: =SUM(E15:P15) -> 0 | R15: =SUM(E15:G15) -> 0 | S15: =SUM(H15:J15) -> 0 | T15: =SUM(K15:M15) -> 0 | U15: =SUM(N15:P15) -> 0 | V15: =SUM(E15:J15) -> 0 | W15: =SUM(K15:P15) -> 0 | X15: =Q15/$Q$37 -> 0 | AK15: =SUM(Y15:AJ15) -> 0
B16: TMMA | C16: kg | E16: =[1]in!$D$1371 -> 28230 | F16: =[1]in!$E$1371 -> 44530 | G16: =[1]in!$F$1371 -> 26850 | H16: =[1]in!$H$1371 -> 23770 | I16: =[1]in!$I$1371 -> 0 | J16: =[1]in!$J$1371 -> 0 | K16: =[1]in!$L$1371 -> 0 | L16: =[1]in!$M$1371 -> 0 | M16: =[1]in!$N$1371 -> 0 | N16: =[1]in!$P$1371 -> 0 | O16: =[1]in!$Q$1371 -> 0 | P16: =[1]in!$R$1371 -> 0 | Q16: =SUM(E16:P16) -> 123380 | R16: =SUM(E16:G16) -> 99610 | S16: =SUM(H16:J16) -> 23770 | T16: =SUM(K16:M16) -> 0 | U16: =SUM(N16:P16) -> 0 | V16: =SUM(E16:J16) -> 123380 | W16: =SUM(K16:P16) -> 0 | X16: =Q16/$Q$36 -> 0.060224879 | AK16: =SUM(Y16:AJ16) -> 0
B17: GSC | C17: kg | E17: =[1]in!$D$1376 -> 15090 | F17: =[1]in!$E$1376 -> 10050 | G17: =[1]in!$F$1376 -> 24850 | H17: =[1]in!$H$1376 -> 0 | I17: =[1]in!$I$1376 -> 0 | J17: =[1]in!$J$1376 -> 0 | K17: =[1]in!$L$1376 -> 0 | L17: =[1]in!$M$1376 -> 0 | M17: =[1]in!$N$1376 -> 0 | N17: =[1]in!$P$1376 -> 0 | O17: =[1]in!$Q$1376 -> 0 | P17: =[1]in!$R$1376 -> 0 | Q17: =SUM(E17:P17) -> 49990 | R17: =SUM(E17:G17) -> 49990 | S17: =SUM(H17:J17) -> 0 | T17: =SUM(K17:M17) -> 0 | U17: =SUM(N17:P17) -> 0 | V17: =SUM(E17:J17) -> 49990 | W17: =SUM(K17:P17) -> 0 | X17: =Q17/$Q$36 -> 0.024401376 | AK17: =SUM(Y17:AJ17) -> 0
B18: STC | C18: kg | E18: =[1]in!$D$1381 -> 0 | F18: =[1]in!$E$1381 -> 0 | G18: =[1]in!$F$1381 -> 0 | H18: =[1]in!$H$1381 -> 11000 | I18: =[1]in!$I$1381 -> 0 | J18: =[1]in!$J$1381 -> 0 | K18: =[1]in!$L$1381 -> 0 | L18: =[1]in!$M$1381 -> 0 | M18: =[1]in!$N$1381 -> 0 | N18: =[1]in!$P$1381 -> 0 | O18: =[1]in!$Q$1381 -> 0 | P18: =[1]in!$R$1381 -> 0 | Q18: =SUM(E18:P18) -> 11000 | R18: =SUM(E18:G18) -> 0 | S18: =SUM(H18:J18) -> 11000 | T18: =SUM(K18:M18) -> 0 | U18: =SUM(N18:P18) -> 0 | V18: =SUM(E18:J18) -> 11000 | W18: =SUM(K18:P18) -> 0 | X18: =Q18/$Q$36 -> 0.0053693765 | AK18: =SUM(Y18:AJ18) -> 0
B19: TMFC | C19: kg | E19: =[1]in!$D$1382 -> 27640 | F19: =[1]in!$E$1382 -> 8380 | G19: =[1]in!$F$1382 -> 21585 | H19: =[1]in!$H$1382 -> 3390 | I19: =[1]in!$I$1382 -> 0 | J19: =[1]in!$J$1382 -> 0 | K19: =[1]in!$L$1382 -> 0 | L19: =[1]in!$M$1382 -> 0 | M19: =[1]in!$N$1382 -> 0 | N19: =[1]in!$P$1382 -> 0 | O19: =[1]in!$Q$1382 -> 0 | P19: =[1]in!$R$1382 -> 0 | Q19: =SUM(E19:P19) -> 60995 | R19: =SUM(E19:G19) -> 57605 | S19: =SUM(H19:J19) -> 3390 | T19: =SUM(K19:M19) -> 0 | U19: =SUM(N19:P19) -> 0 | V19: =SUM(E19:J19) -> 60995 | W19: =SUM(K19:P19) -> 0 | X19: =Q19/$Q$36 -> 0.029773193 | AK19: =SUM(Y19:AJ19) -> 0
B20: RTC | C20: kg | E20: =[1]in!$D$1388 -> 0 | F20: =[1]in!$E$1388 -> 0 | G20: =[1]in!$F$1388 -> 0 | H20: =[1]in!$H$1388 -> 0 | I20: =[1]in!$I$1388 -> 0 | J20: =[1]in!$J$1388 -> 0 | K20: =[1]in!$L$1388 -> 0 | L20: =[1]in!$M$1388 -> 0 | M20: =[1]in!$N$1388 -> 0 | N20: =[1]in!$P$1388 -> 0 | O20: =[1]in!$Q$1388 -> 0 | P20: =[1]in!$R$1388 -> 0 | Q20: =SUM(E20:P20) -> 0 | R20: =SUM(E20:G20) -> 0 | S20: =SUM(H20:J20) -> 0 | T20: =SUM(K20:M20) -> 0 | U20: =SUM(N20:P20) -> 0 | V20: =SUM(E20:J20) -> 0 | W20: =SUM(K20:P20) -> 0 | X20: =Q20/$Q$36 -> 0 | AK20: =SUM(Y20:AJ20) -> 0
A21: Abroad | B21: Chemtech | C21: kg | E21: =[1]in!$D$1366 -> 194 | F21: =[1]in!$E$1366 -> 50 | G21: =[1]in!$F$1366 -> 75 | H21: =[1]in!$H$1366 -> 0 | I21: =[1]in!$I$1366 -> 0 | J21: =[1]in!$J$1366 -> 0 | K21: =[1]in!$L$1366 -> 0 | L21: =[1]in!$M$1366 -> 0 | M21: =[1]in!$N$1366 -> 0 | N21: =[1]in!$P$1366 -> 0 | O21: =[1]in!$Q$1366 -> 0 | P21: =[1]in!$R$1366 -> 0 | Q21: =SUM(E21:P21) -> 319 | R21: =SUM(E21:G21) -> 319 | S21: =SUM(H21:J21) -> 0 | T21: =SUM(K21:M21) -> 0 | U21: =SUM(N21:P21) -> 0 | V21: =SUM(E21:J21) -> 319 | W21: =SUM(K21:P21) -> 0 | X21: =Q21/$Q$37 -> 0.00017689889 | AK21: =SUM(Y21:AJ21) -> 0
B22: TPC Indo | C22: kg | E22: =[1]in!$D$1367 -> 0 | F22: =[1]in!$E$1367 -> 5650 | G22: =[1]in!$F$1367 -> 0 | H22: =[1]in!$H$1367 -> 0 | I22: =[1]in!$I$1367 -> 0 | J22: =[1]in!$J$1367 -> 0 | K22: =[1]in!$L$1367 -> 0 | L22: =[1]in!$M$1367 -> 0 | M22: =[1]in!$N$1367 -> 0 | N22: =[1]in!$P$1367 -> 0 | O22: =[1]in!$Q$1367 -> 0 | P22: =[1]in!$R$1367 -> 0 | Q22: =SUM(E22:P22) -> 5650 | R22: =SUM(E22:G22) -> 5650 | S22: =SUM(H22:J22) -> 0 | T22: =SUM(K22:M22) -> 0 | U22: =SUM(N22:P22) -> 0 | V22: =SUM(E22:J22) -> 5650 | W22: =SUM(K22:P22) -> 0 | X22: =Q22/$Q$37 -> 0.0031331622 | AK22: =SUM(Y22:AJ22) -> 0
B23: TPC Vina | C23: kg | E23: =[1]in!$D$1369 -> 0 | F23: =[1]in!$E$1369 -> 0 | G23: =[1]in!$F$1369 -> 5314 | H23: =[1]in!$H$1369 -> 0 | I23: =[1]in!$I$1369 -> 0 | J23: =[1]in!$J$1369 -> 0 | K23: =[1]in!$L$1369 -> 0 | L23: =[1]in!$M$1369 -> 0 | M23: =[1]in!$N$1369 -> 0 | N23: =[1]in!$P$1369 -> 0 | O23: =[1]in!$Q$1369 -> 0 | P23: =[1]in!$R$1369 -> 0 | Q23: =SUM(E23:P23) -> 5314 | R23: =SUM(E23:G23) -> 5314 | S23: =SUM(H23:J23) -> 0 | T23: =SUM(K23:M23) -> 0 | U23: =SUM(N23:P23) -> 0 | V23: =SUM(E23:J23) -> 5314 | W23: =SUM(K23:P23) -> 0 | X23: =Q23/$Q$37 -> 0.0029468361 | AK23: =SUM(Y23:AJ23) -> 0
B24: Viet-Thai | C24: kg | E24: =[1]in!$D$1370 -> 1000 | F24: =[1]in!$E$1370 -> 1310 | G24: =[1]in!$F$1370 -> 710 | H24: =[1]in!$H$1370 -> 1140 | I24: =[1]in!$I$1370 -> 0 | J24: =[1]in!$J$1370 -> 0 | K24: =[1]in!$L$1370 -> 0 | L24: =[1]in!$M$1370 -> 0 | M24: =[1]in!$N$1370 -> 0 | N24: =[1]in!$P$1370 -> 0 | O24: =[1]in!$Q$1370 -> 0 | P24: =[1]in!$R$1370 -> 0 | Q24: =SUM(E24:P24) -> 4160 | R24: =SUM(E24:G24) -> 3020 | S24: =SUM(H24:J24) -> 1140 | T24: =SUM(K24:M24) -> 0 | U24: =SUM(N24:P24) -> 0 | V24: =SUM(E24:J24) -> 4160 | W24: =SUM(K24:P24) -> 0 | X24: =Q24/$Q$37 -> 0.0023068946 | AK24: =SUM(Y24:AJ24) -> 0
B25: BMP | C25: kg | E25: =[1]in!$D$1374 -> 3600 | F25: =[1]in!$E$1374 -> 1581 | G25: =[1]in!$F$1374 -> 3225 | H25: =[1]in!$H$1374 -> 0 | I25: =[1]in!$I$1374 -> 0 | J25: =[1]in!$J$1374 -> 0 | K25: =[1]in!$L$1374 -> 0 | L25: =[1]in!$M$1374 -> 0 | M25: =[1]in!$N$1374 -> 0 | N25: =[1]in!$P$1374 -> 0 | O25: =[1]in!$Q$1374 -> 0 | P25: =[1]in!$R$1374 -> 0 | Q25: =SUM(E25:P25) -> 8406 | R25: =SUM(E25:G25) -> 8406 | S25: =SUM(H25:J25) -> 0 | T25: =SUM(K25:M25) -> 0 | U25: =SUM(N25:P25) -> 0 | V25: =SUM(E25:J25) -> 8406 | W25: =SUM(K25:P25) -> 0 | X25: =Q25/$Q$37 -> 0.0046614799 | AK25: =SUM(Y25:AJ25) -> 0
B26: NPIC | C26: kg | E26: =[1]in!$D$1379 -> 0 | F26: =[1]in!$E$1379 -> 0 | G26: =[1]in!$F$1379 -> 0 | H26: =[1]in!$H$1379 -> 0 | I26: =[1]in!$I$1379 -> 0 | J26: =[1]in!$J$1379 -> 0 | K26: =[1]in!$L$1379 -> 0 | L26: =[1]in!$M$1379 -> 0 | M26: =[1]in!$N$1379 -> 0 | N26: =[1]in!$P$1379 -> 0 | O26: =[1]in!$Q$1379 -> 0 | P26: =[1]in!$R$1379 -> 0 | Q26: =SUM(E26:P26) -> 0 | R26: =SUM(E26:G26) -> 0 | S26: =SUM(H26:J26) -> 0 | T26: =SUM(K26:M26) -> 0 | U26: =SUM(N26:P26) -> 0 | V26: =SUM(E26:J26) -> 0 | W26: =SUM(K26:P26) -> 0 | X26: =Q26/$Q$37 -> 0 | AK26: =SUM(Y26:AJ26) -> 0
B27: NBM | C27: kg | E27: =[1]in!$D$1383 -> 0 | F27: =[1]in!$E$1383 -> 0 | G27: =[1]in!$F$1383 -> 0 | H27: =[1]in!$H$1383 -> 0 | I27: =[1]in!$I$1383 -> 0 | J27: =[1]in!$J$1383 -> 0 | K27: =[1]in!$L$1383 -> 0 | L27: =[1]in!$M$1383 -> 0 | M27: =[1]in!$N$1383 -> 0 | N27: =[1]in!$P$1383 -> 0 | O27: =[1]in!$Q$1383 -> 0 | P27: =[1]in!$R$1383 -> 0 | Q27: =SUM(E27:P27) -> 0 | R27: =SUM(E27:G27) -> 0 | S27: =SUM(H27:J27) -> 0 | T27: =SUM(K27:M27) -> 0 | U27: =SUM(N27:P27) -> 0 | V27: =SUM(E27:J27) -> 0 | W27: =SUM(K27:P27) -> 0 | X27: =Q27/$Q$37 -> 0
B28: BNI | C28: kg | E28: =[1]in!$D$1384 -> 0 | F28: =[1]in!$E$1384 -> 0 | G28: =[1]in!$F$1384 -> 0 | H28: =[1]in!$H$1384 -> 0 | I28: =[1]in!$I$1384 -> 0 | J28: =[1]in!$J$1384 -> 0 | K28: =[1]in!$L$1384 -> 0 | L28: =[1]in!$M$1384 -> 0 | M28: =[1]in!$N$1384 -> 0 | N28: =[1]in!$P$1384 -> 0 | O28: =[1]in!$Q$1384 -> 0 | P28: =[1]in!$R$1384 -> 0 | Q28: =SUM(E28:P28) -> 0 | R28: =SUM(E28:G28) -> 0 | S28: =SUM(H28:J28) -> 0 | T28: =SUM(K28:M28) -> 0 | U28: =SUM(N28:P28) -> 0 | V28: =SUM(E28:J28) -> 0 | W28: =SUM(K28:P28) -> 0 | X28: =Q28/$Q$37 -> 0
B29: Sirplaste | C29: kg | E29: =[1]in!$D$1390 -> 151200 | F29: =[1]in!$E$1390 -> 297080 | G29: =[1]in!$F$1390 -> 327680 | H29: =[1]in!$H$1390 -> 267631 | I29: =[1]in!$I$1390 -> 0 | J29: =[1]in!$J$1390 -> 0 | K29: =[1]in!$L$1390 -> 0 | L29: =[1]in!$M$1390 -> 0 | M29: =[1]in!$N$1390 -> 0 | N29: =[1]in!$P$1390 -> 0 | O29: =[1]in!$Q$1390 -> 0 | P29: =[1]in!$R$1390 -> 0 | Q29: =SUM(E29:P29) -> 1043591 | R29: =SUM(E29:G29) -> 775960 | S29: =SUM(H29:J29) -> 267631 | T29: =SUM(K29:M29) -> 0 | U29: =SUM(N29:P29) -> 0 | V29: =SUM(E29:J29) -> 1043591 | W29: =SUM(K29:P29) -> 0 | X29: =Q29/$Q$37 -> 0.57871502
B30: LSP - Up | C30: kg | E30: =[1]in!$D$1365 -> 18929 | F30: =[1]in!$E$1365 -> 3860 | G30: =[1]in!$F$1365 -> 890 | H30: =[1]in!$H$1365 -> 0 | I30: =[1]in!$I$1365 -> 0 | J30: =[1]in!$J$1365 -> 0 | K30: =[1]in!$L$1365 -> 0 | L30: =[1]in!$M$1365 -> 0 | M30: =[1]in!$N$1365 -> 0 | N30: =[1]in!$P$1365 -> 0 | O30: =[1]in!$Q$1365 -> 0 | P30: =[1]in!$R$1365 -> 0 | Q30: =SUM(E30:P30) -> 23679 | R30: =SUM(E30:G30) -> 23679 | S30: =SUM(H30:J30) -> 0 | T30: =SUM(K30:M30) -> 0 | U30: =SUM(N30:P30) -> 0 | V30: =SUM(E30:J30) -> 23679 | W30: =SUM(K30:P30) -> 0
B31: LSP - Poly | C31: kg | E31: =[1]in!$D$1373 -> 68199 | F31: =[1]in!$E$1373 -> 54827 | G31: =[1]in!$F$1373 -> 131901 | H31: =[1]in!$H$1373 -> 87554 | I31: =[1]in!$I$1373 -> 0 | J31: =[1]in!$J$1373 -> 0 | K31: =[1]in!$L$1373 -> 0 | L31: =[1]in!$M$1373 -> 0 | M31: =[1]in!$N$1373 -> 0 | N31: =[1]in!$P$1373 -> 0 | O31: =[1]in!$Q$1373 -> 0 | P31: =[1]in!$R$1373 -> 0 | Q31: =SUM(E31:P31) -> 342481 | R31: =SUM(E31:G31) -> 254927 | S31: =SUM(H31:J31) -> 87554 | T31: =SUM(K31:M31) -> 0 | U31: =SUM(N31:P31) -> 0 | V31: =SUM(E31:J31) -> 342481 | W31: =SUM(K31:P31) -> 0
B32: LSP Complex | C32: kg | E32: =SUM(E30:E31) -> 87128 | F32: =SUM(F30:F31) -> 58687 | G32: =SUM(G30:G31) -> 132791 | H32: =SUM(H30:H31) -> 87554 | I32: =SUM(I30:I31) -> 0 | J32: =SUM(J30:J31) -> 0 | K32: =SUM(K30:K31) -> 0 | L32: =SUM(L30:L31) -> 0 | ... P32: =SUM(P30:P31) -> 0 | Q32: =SUM(E32:P32) -> 366160 | R32: =SUM(E32:G32) -> 278606 | S32: =SUM(H32:J32) -> 87554 | T32: =SUM(K32:M32) -> 0 | U32: =SUM(N32:P32) -> 0 | V32: =SUM(E32:J32) -> 366160 | W32: =SUM(K32:P32) -> 0
B33: GNM | C33: kg | E33: =[1]in!$D$1375 -> 0 | F33: =[1]in!$E$1375 -> 0 | G33: =[1]in!$F$1375 -> 0 | H33: =[1]in!$H$1375 -> 0 | I33: =[1]in!$I$1375 -> 0 | J33: =[1]in!$J$1375 -> 0 | K33: =[1]in!$L$1375 -> 0 | L33: =[1]in!$M$1375 -> 0 | M33: =[1]in!$N$1375 -> 0 | N33: =[1]in!$P$1375 -> 0 | O33: =[1]in!$Q$1375 -> 0 | P33: =[1]in!$R$1375 -> 0 | Q33: =SUM(E33:P33) -> 0 | R33: =SUM(E33:G33) -> 0 | S33: =SUM(H33:J33) -> 0 | T33: =SUM(K33:M33) -> 0 | U33: =SUM(N33:P33) -> 0 | V33: =SUM(E33:J33) -> 0 | W33: =SUM(K33:P33) -> 0
B34: NPI Group | C34: kg | E34: =SUM(E8:E9,E25:E28,E33) -> 43790 | F34: =SUM(F8:F9,F25:F28,F33) -> 49211 | G34: =SUM(G8:G9,G25:G28,G33) -> 31345 | H34: =SUM(H8:H9,H25:H28,H33) -> 3930 | I34: =SUM(I8:I9,I25:I28,I33) -> 0 | J34: =SUM(J8:J9,J25:J28,J33) -> 0 | K34: =SUM(K8:K9,K25:K28,K33) -> 0 | L34: =SUM(L8:L9,L25:L28,L33) -> 0 | ... P34: =SUM(P8:P9,P25:P28,P33) -> 0 | Q34: =SUM(E34:P34) -> 128276 | R34: =SUM(E34:G34) -> 124346 | S34: =SUM(H34:J34) -> 3930 | T34: =SUM(K34:M34) -> 0 | U34: =SUM(N34:P34) -> 0 | V34: =SUM(E34:J34) -> 128276 | W34: =SUM(K34:P34) -> 0
A36: Total SCGC | C36: kg | E36: =SUM(E5:E29,E32:E33) -> 392492 | F36: =SUM(F5:F29,F32:F33) -> 592678 | G36: =SUM(G5:G29,G32:G33) -> 631440 | H36: =SUM(H5:H29,H32:H33) -> 432045 | I36: =SUM(I5:I29,I32:I33) -> 0 | J36: =SUM(J5:J29,J32:J33) -> 0 | K36: =SUM(K5:K29,K32:K33) -> 0 | L36: =SUM(L5:L29,L32:L33) -> 0 | ... W36: =SUM(W5:W29,W32:W33) -> 0 | Y36: =SUM(Y5:Y26) -> 0 | Z36: =SUM(Z5:Z26) -> 0 | AA36: =SUM(AA5:AA26) -> 0 | AB36: =SUM(AB5:AB26) -> 0 | AC36: =SUM(AC5:AC26) -> 0 | AD36: =SUM(AD5:AD26) -> 0 | AE36: =SUM(AE5:AE26) -> 0 | AF36: =SUM(AF5:AF26) -> 0 | ... AK36: =SUM(AK5:AK26) -> 0
A37: Total SCGC (Sub only) | C37: kg | E37: =SUM(E5:E15,E21:E29,E32:E33) -> 321532 | F37: =SUM(F5:F15,F21:F29,F32:F33) -> 529718 | G37: =SUM(G5:G15,G21:G29,G32:G33) -> 558155 | H37: =SUM(H5:H15,H21:H29,H32:H33) -> 393885 | I37: =SUM(I5:I15,I21:I29,I32:I33) -> 0 | J37: =SUM(J5:J15,J21:J29,J32:J33) -> 0 | K37: =SUM(K5:K15,K21:K29,K32:K33) -> 0 | L37: =SUM(L5:L15,L21:L29,L32:L33) -> 0 | ... W37: =SUM(W5:W15,W21:W29,W32:W33) -> 0 | Y37: =SUM(Y5:Y15,Y21:Y26) -> 0 | Z37: =SUM(Z5:Z15,Z21:Z26) -> 0 | AA37: =SUM(AA5:AA15,AA21:AA26) -> 0 | AB37: =SUM(AB5:AB15,AB21:AB26) -> 0 | AC37: =SUM(AC5:AC15,AC21:AC26) -> 0 | AD37: =SUM(AD5:AD15,AD21:AD26) -> 0 | AE37: =SUM(AE5:AE15,AE21:AE26) -> 0 | AF37: =SUM(AF5:AF15,AF21:AF26) -> 0 | ... AK37: =SUM(AK5:AK15,AK21:AK26) -> 0
Y38: =SUM(Y16:Y20) -> 0 | Z38: =SUM(Z16:Z20) -> 0 | AA38: =SUM(AA16:AA20) -> 0 | AB38: =SUM(AB16:AB20) -> 0 | AC38: =SUM(AC16:AC20) -> 0 | AD38: =SUM(AD16:AD20) -> 0 | AE38: =SUM(AE16:AE20) -> 0 | AF38: =SUM(AF16:AF20) -> 0 | ... AK38: =SUM(AK16:AK20) -> 0
A40: Thailand (Sub) | C40: kg | E40: =SUM(E5:E15) -> 78410 | F40: =SUM(F5:F15) -> 165360 | G40: =SUM(G5:G15) -> 88360 | H40: =SUM(H5:H15) -> 37560 | I40: =SUM(I5:I15) -> 0 | J40: =SUM(J5:J15) -> 0 | K40: =SUM(K5:K15) -> 0 | L40: =SUM(L5:L15) -> 0 | ... Q40: =SUM(Q5:Q15) -> 369690
A41: Abroad (Sub) | C41: kg | E41: =SUM(E21:E29,E32:E33) -> 243122 | F41: =SUM(F21:F29,F32:F33) -> 364358 | G41: =SUM(G21:G29,G32:G33) -> 469795 | H41: =SUM(H21:H29,H32:H33) -> 356325 | I41: =SUM(I21:I29,I32:I33) -> 0 | J41: =SUM(J21:J29,J32:J33) -> 0 | K41: =SUM(K21:K29,K32:K33) -> 0 | L41: =SUM(L21:L29,L32:L33) -> 0 | ... Q41: =SUM(Q21:Q29,Q32:Q33) -> 1433600
AC43: =I36-AC36 -> 0 | AD43: =J36-AD36 -> 0 | AE43: =K36-AE36 -> 0 | AG43: =M36-AG36 -> 0 | AH43: Normal Waste | AK43: =Q36-AK36 -> 2048655
A44: Waste Directed to Disposal (Hz + Non) intensity | AC44: =AC43/Production!I32 -> #DIV/0! | AD44: =AD43/Production!J32 -> #DIV/0! | AE44: =AE43/Production!K32 -> #DIV/0! | AG44: =AG43/Production!M32 -> #DIV/0! | AH44: Specifice Normal Waste | AK44: =AK43/Production!Q32 -> 0.56705784
B45: Company | C45: Unit | D45: Target | E45: 46023 | F45: 46054 | G45: 46082 | H45: 46113 | I45: 46143 | J45: 46174 | K45: 46204 | L45: 46235 | M45: 46266 | N45: 46296 | O45: 46327 | P45: 46357 | Q45: YTD 2026 | R45: Q1 | S45: Q2 | T45: Q3 | U45: Q4 | V45: H1 | W45: H2
A46: Domestic | B46: MOC | C46: kg/ton | D46: 0.17 | E46: =E3/Production!E3 -> 0.0087920489 | F46: =F3/Production!F3 -> 0.071819569 | G46: =G3/Production!G3 -> 0.049717476 | H46: =H3/Production!H3 -> 0.0075266569 | I46: =I3/Production!I3 -> #DIV/0! | J46: =J3/Production!J3 -> #DIV/0! | K46: =K3/Production!K3 -> #DIV/0! | L46: =L3/Production!L3 -> #DIV/0! | ... Q46: =Q3/Production!Q3 -> 0.03358327 | AH46: Normal Target
B47: ROC | C47: kg/ton | D47: 0.11 | E47: =E4/Production!E4 -> 0.013318228 | F47: =F4/Production!F4 -> 0.0258834 | G47: =G4/Production!G4 -> 0.044196369 | H47: =H4/Production!H4 -> 0.12229486 | I47: =I4/Production!I4 -> #DIV/0! | J47: =J4/Production!J4 -> #DIV/0! | K47: =K4/Production!K4 -> #DIV/0! | L47: =L4/Production!L4 -> #DIV/0! | ... Q47: =Q4/Production!Q4 -> 0.02473559
B48: Olefins | C48: kg/ton | D48: 0.15 | E48: =E5/Production!E5 -> 0.0106178 | F48: =F5/Production!F5 -> 0.05326045 | G48: =G5/Production!G5 -> 0.04870276 | H48: =H5/Production!H5 -> 0.010396167 | I48: =I5/Production!I5 -> #DIV/0! | J48: =J5/Production!J5 -> #DIV/0! | K48: =K5/Production!K5 -> #DIV/0! | L48: =L5/Production!L5 -> #DIV/0! | ... Q48: =Q5/Production!Q5 -> 0.031089347 | AH48: Sub Normal | AK48: =Q37-AK37 -> 1803290
B49: TPC RY | C49: kg/ton | D49: 0.51 | E49: =E6/Production!E6 -> 0.23906373 | F49: =F6/Production!F6 -> 0.37822685 | G49: =G6/Production!G6 -> 0.27415123 | H49: =H6/Production!H6 -> 0.27900611 | I49: =I6/Production!I6 -> #DIV/0! | J49: =J6/Production!J6 -> #DIV/0! | K49: =K6/Production!K6 -> #DIV/0! | L49: =L6/Production!L6 -> #DIV/0! | ... Q49: =Q6/Production!Q6 -> 0.2910401 | AK49: =AK48/Production!Q33 -> 0.52167515
B50: TPE | C50: kg/ton | D50: 0.3 | E50: =E7/Production!E7 -> 0.06771538 | F50: =F7/Production!F7 -> 0.083489546 | G50: =G7/Production!G7 -> 0.17259399 | H50: =H7/Production!H7 -> 0.055885083 | I50: =I7/Production!I7 -> #DIV/0! | J50: =J7/Production!J7 -> #DIV/0! | K50: =K7/Production!K7 -> #DIV/0! | L50: =L7/Production!L7 -> #DIV/0! | ... Q50: =Q7/Production!Q7 -> 0.092561221
B51: NPI RY | C51: kg/ton | D51: 6.2 | E51: =(E8+E10)/Production!E8 -> 8.9545338 | F51: =(F8+F10)/Production!F8 -> 10.262319 | G51: =(G8+G10)/Production!G8 -> 4.0593483 | H51: =(H8+H10)/Production!H8 -> 0.95970696 | I51: =(I8+I10)/Production!I8 -> #DIV/0! | J51: =(J8+J10)/Production!J8 -> #DIV/0! | K51: =(K8+K10)/Production!K8 -> #DIV/0! | L51: =(L8+L10)/Production!L8 -> #DIV/0! | ... Q51: =(Q8+Q10)/Production!Q8 -> 5.8979272
B52: NPI SB | C52: kg/ton | D52: 0.98 | E52: =E9/Production!E9 -> 0.66809561 | F52: =F9/Production!F9 -> 0.70494808 | G52: =G9/Production!G9 -> 0.79579413 | H52: =H9/Production!H9 -> 0 | I52: =I9/Production!I9 -> #DIV/0! | J52: =J9/Production!J9 -> #DIV/0! | K52: =K9/Production!K9 -> #DIV/0! | L52: =L9/Production!L9 -> #DIV/0! | ... Q52: =Q9/Production!Q9 -> 0.57138573
B53: SCGC ICO | C53: kg/ton | D53: 0.1 | E53: =E11/Production!E10 -> 0 | F53: =F11/Production!F10 -> 0 | G53: =G11/Production!G10 -> 0 | H53: =H11/Production!H10 -> 0 | I53: =I11/Production!I10 -> #DIV/0! | J53: =J11/Production!J10 -> #DIV/0! | K53: =K11/Production!K10 -> #DIV/0! | L53: =L11/Production!L10 -> #DIV/0! | ... Q53: =Q11/Production!Q10 -> 0
B54: Cirplas | C54: kg/ton | D54: 460 | E54: =E12/Production!E11 -> 0 | F54: =F12/Production!F11 -> 275.33433 | G54: =G12/Production!G11 -> 0 | H54: =H12/Production!H11 -> 0 | I54: =I12/Production!I11 -> #DIV/0! | J54: =J12/Production!J11 -> #DIV/0! | K54: =K12/Production!K11 -> #DIV/0! | L54: =L12/Production!L11 -> #DIV/0! | ... Q54: =Q12/Production!Q11 -> 66.507321
B55: Teamplas | C55: kg/ton | D55: 1.27 | E55: =E13/Production!E12 -> 0 | F55: =F13/Production!F12 -> 2.1768917 | G55: =G13/Production!G12 -> 0.73806548 | H55: =H13/Production!H12 -> 1.2221683 | I55: =I13/Production!I12 -> #DIV/0! | J55: =J13/Production!J12 -> #DIV/0! | K55: =K13/Production!K12 -> #DIV/0! | L55: =L13/Production!L12 -> #DIV/0! | ... Q55: =Q13/Production!Q12 -> 1.0024231
B56: MTT | C56: ton | D56: 12.416667 | E56: =E14 -> 0 | F56: =F14 -> 4930 | G56: =G14 -> 0 | H56: =H14 -> 0 | I56: =I14 -> 0 | J56: =J14 -> 0 | K56: =K14 -> 0 | L56: =L14 -> 0 | ... Q56: =Q14 -> 4930 | X56: =149/12 -> 12.416667
B57: RIL | C57: kg/ton | D57: - | E57: =E15/Production!E13 -> 0 | F57: =F15/Production!F13 -> 0 | G57: =G15/Production!G13 -> 0 | H57: =H15/Production!H13 -> 0 | I57: =I15/Production!I13 -> #DIV/0! | J57: =J15/Production!J13 -> #DIV/0! | K57: =K15/Production!K13 -> #DIV/0! | L57: =L15/Production!L13 -> #DIV/0! | ... Q57: =Q15/Production!Q13 -> 0
B58: TMMA | C58: kg/ton | D58: 2.99 | E58: =E16/Production!E14 -> 2.2572042 | F58: =F16/Production!F14 -> 3.6569359 | G58: =G16/Production!G14 -> 2.2513573 | H58: =H16/Production!H14 -> 2.116069 | I58: =I16/Production!I14 -> #DIV/0! | J58: =J16/Production!J14 -> #DIV/0! | K58: =K16/Production!K14 -> #DIV/0! | L58: =L16/Production!L14 -> #DIV/0! | ... P58: =P16/Production!P14 -> #DIV/0! | Q58: =Q16/Production!Q13 -> 1.235703
B59: GSC | C59: kg/ton | D59: 2.45 | E59: =E17/Production!E14 -> 1.2065608 | F59: =F17/Production!F14 -> 0.82533586 | G59: =G17/Production!G14 -> 2.0836584 | H59: =H17/Production!H14 -> 0 | I59: =I17/Production!I14 -> #DIV/0! | J59: =J17/Production!J14 -> #DIV/0! | K59: =K17/Production!K14 -> #DIV/0! | L59: =L17/Production!L14 -> #DIV/0! | ... Q59: =Q17/Production!Q14 -> 1.0448822
B60: STC | C60: kg/ton | D60: 0.28 | E60: =E18/Production!E15 -> 0 | F60: =F18/Production!F15 -> 0 | G60: =G18/Production!G15 -> 0 | H60: =H18/Production!H15 -> 16.964575 | I60: =I18/Production!I15 -> #DIV/0! | J60: =J18/Production!J15 -> #DIV/0! | K60: =K18/Production!K15 -> #DIV/0! | L60: =L18/Production!L15 -> #DIV/0! | ... Q60: =Q18/Production!Q15 -> 4.3228289
B61: TMFC | C61: kg/ton | D61: 21.68 | E61: =E19/Production!E16 -> 19.813904 | F61: =F19/Production!F16 -> 5.8526092 | G61: =G19/Production!G16 -> 14.395374 | H61: =H19/Production!H16 -> 2.2747556 | I61: =I19/Production!I16 -> #DIV/0! | J61: =J19/Production!J16 -> #DIV/0! | K61: =K19/Production!K16 -> #DIV/0! | L61: =L19/Production!L16 -> #DIV/0! | ... Q61: =Q19/Production!Q16 -> 10.486493
B62: RTC | C62: ton | D62: 3.8333333 | E62: =E20 -> 0 | F62: =F20 -> 0 | G62: =G20 -> 0 | H62: =H20 -> 0 | I62: =I20 -> 0 | J62: =J20 -> 0 | K62: =K20 -> 0 | L62: =L20 -> 0 | ... Q62: =Q20 -> 0 | X62: =46/12 -> 3.8333333
A63: Abroad | B63: Chemtech | C63: kg/ton | D63: 0.85 | E63: =E21/Production!E17 -> 0.25608195 | F63: =F21/Production!F17 -> 0.074968139 | G63: =G21/Production!G17 -> 0.096204415 | H63: =H21/Production!H17 -> 0 | I63: =I21/Production!I17 -> #DIV/0! | J63: =J21/Production!J17 -> #DIV/0! | K63: =K21/Production!K17 -> #DIV/0! | L63: =L21/Production!L17 -> #DIV/0! | ... Q63: =Q21/Production!Q17 -> 0.10421874
B64: TPC Indo | C64: kg/ton | D64: 0.18 | E64: =E22/Production!E18 -> 0 | F64: =F22/Production!F18 -> 0.70084647 | G64: =G22/Production!G18 -> 0 | H64: =H22/Production!H18 -> #DIV/0! | I64: =I22/Production!I18 -> #DIV/0! | J64: =J22/Production!J18 -> #DIV/0! | K64: =K22/Production!K18 -> #DIV/0! | L64: =L22/Production!L18 -> #DIV/0! | ... Q64: =Q22/Production!Q18 -> 0.24820502
B65: TPC Vina | C65: kg/ton | D65: 0.28 | E65: =E23/Production!E19 -> 0 | F65: =F23/Production!F19 -> 0 | G65: =G23/Production!G19 -> 0.53112902 | H65: =H23/Production!H19 -> 0 | I65: =I23/Production!I19 -> #DIV/0! | J65: =J23/Production!J19 -> #DIV/0! | K65: =K23/Production!K19 -> #DIV/0! | L65: =L23/Production!L19 -> #DIV/0! | ... Q65: =Q23/Production!Q19 -> 0.12607241
B66: Viet-Thai | C66: kg/ton | D66: 1 | E66: =E24/Production!E20 -> 0.53027893 | F66: =F24/Production!F20 -> 1.3150234 | G66: =G24/Production!G20 -> 0.63625773 | H66: =H24/Production!H20 -> 0.88447513 | I66: =I24/Production!I20 -> #DIV/0! | J66: =J24/Production!J20 -> #DIV/0! | K66: =K24/Production!K20 -> #DIV/0! | L66: =L24/Production!L20 -> #DIV/0! | ... Q66: =Q24/Production!Q20 -> 0.78686838
B67: BMP | C67: kg/ton | D67: 0.61 | E67: =E25/Production!E21 -> 0.50313903 | F67: =F25/Production!F21 -> 0.61298077 | G67: =G25/Production!G21 -> 0.32549586 | H67: =H25/Production!H21 -> #DIV/0! | I67: =I25/Production!I21 -> #DIV/0! | J67: =J25/Production!J21 -> #DIV/0! | K67: =K25/Production!K21 -> #DIV/0! | L67: =L25/Production!L21 -> #DIV/0! | ... Q67: =Q25/Production!Q21 -> 0.42795526
B68: NPIC | C68: kg/ton | D68: 0.34 | E68: =E26/Production!E22 -> 0 | F68: =F26/Production!F22 -> 0 | G68: =G26/Production!G22 -> 0 | H68: =H26/Production!H22 -> 0 | I68: =I26/Production!I22 -> #DIV/0! | J68: =J26/Production!J22 -> #DIV/0! | K68: =K26/Production!K22 -> #DIV/0! | L68: =L26/Production!L22 -> #DIV/0! | ... Q68: =Q26/Production!Q22 -> 0
B69: NBM | C69: kg/ton | D69: 0.27 | E69: =E27/Production!E23 -> 0 | F69: =F27/Production!F23 -> 0 | G69: =G27/Production!G23 -> 0 | H69: =H27/Production!H23 -> 0 | I69: =I27/Production!I23 -> #DIV/0! | J69: =J27/Production!J23 -> #DIV/0! | K69: =K27/Production!K23 -> #DIV/0! | L69: =L27/Production!L23 -> #DIV/0! | ... Q69: =Q27/Production!Q23 -> 0
B70: BNI | C70: kg/ton | D70: 0.18 | E70: =E28/Production!E24 -> 0 | F70: =F28/Production!F24 -> 0 | G70: =G28/Production!G24 -> 0 | H70: =H28/Production!H24 -> 0 | I70: =I28/Production!I24 -> #DIV/0! | J70: =J28/Production!J24 -> #DIV/0! | K70: =K28/Production!K24 -> #DIV/0! | L70: =L28/Production!L24 -> #DIV/0! | ... Q70: =Q28/Production!Q24 -> 0
B71: Sirplaste | C71: kg/ton | D71: 95.69 | E71: =E29/Production!E25 -> 82.827939 | F71: =F29/Production!F25 -> 133.06179 | G71: =G29/Production!G25 -> 116.26022 | H71: =H29/Production!H25 -> 91.217949 | I71: =I29/Production!I25 -> #DIV/0! | J71: =J29/Production!J25 -> #DIV/0! | K71: =K29/Production!K25 -> #DIV/0! | L71: =L29/Production!L25 -> #DIV/0! | ... Q71: =Q29/Production!Q25 -> 106.37386
B72: LSP - Up | C72: kg/ton | D72: - | E72: =E30/Production!E26 -> 0.11412341 | F72: =F30/Production!F26 -> 0.02673631 | G72: =G30/Production!G26 -> 0.0048715074 | H72: =H30/Production!H26 -> 0 | I72: =I30/Production!I26 -> #DIV/0! | J72: =J30/Production!J26 -> #DIV/0! | K72: =K30/Production!K26 -> #DIV/0! | L72: =L30/Production!L26 -> #DIV/0! | ... Q72: =Q30/Production!Q26 -> 0.034280108
B73: LSP - Poly | C73: kg/ton | D73: - | E73: =E31/Production!E27 -> 0.61373185 | F73: =F31/Production!F27 -> 0.56988885 | G73: =G31/Production!G27 -> 1.0550398 | H73: =H31/Production!H27 -> 0.85712023 | I73: =I31/Production!I27 -> #DIV/0! | J73: =J31/Production!J27 -> #DIV/0! | K73: =K31/Production!K27 -> #DIV/0! | L73: =L31/Production!L27 -> #DIV/0! | ... Q73: =Q31/Production!Q27 -> 0.78822361
B74: LSP Complex | C74: kg/ton | D74: 0.25 | E74: =E32/Production!E28 -> 0.31455728 | F74: =F32/Production!F28 -> 0.24394022 | G74: =G32/Production!G28 -> 0.43153904 | H74: =H32/Production!H28 -> 0.29187855 | I74: =I32/Production!I28 -> #DIV/0! | J74: =J32/Production!J28 -> #DIV/0! | K74: =K32/Production!K28 -> #DIV/0! | L74: =L32/Production!L28 -> #DIV/0! | ... Q74: =Q32/Production!Q28 -> 0.32540391
B75: GNM | C75: kg/ton | D75: 0.18 | E75: =E33/Production!E29 -> 0 | F75: =F33/Production!F29 -> 0 | G75: =G33/Production!G29 -> 0 | H75: =H33/Production!H29 -> 0 | I75: =I33/Production!I29 -> #DIV/0! | J75: =J33/Production!J29 -> #DIV/0! | K75: =K33/Production!K29 -> #DIV/0! | L75: =L33/Production!L29 -> #DIV/0! | ... Q75: =Q33/Production!Q29 -> 0
B76: NPI Group | C76: kg/ton | D76: 1.68 | E76: =E34/Production!E30 -> 2.0382969 | F76: =F34/Production!F30 -> 2.9241907 | G76: =G34/Production!G30 -> 1.1645637 | H76: =H34/Production!H30 -> 0.29992211 | I76: =I34/Production!I30 -> #DIV/0! | J76: =J34/Production!J30 -> #DIV/0! | K76: =K34/Production!K30 -> #DIV/0! | L76: =L34/Production!L30 -> #DIV/0! | ... Q76: =Q34/Production!Q30 -> 1.6376019
A78: Total SCGC | C78: kg/ton | E78: =E36/Production!E32 -> 0.38927963 | F78: =F36/Production!F32 -> 0.64885936 | G78: =G36/Production!G32 -> 0.70501752 | H78: =H36/Production!H32 -> 0.54312831 | I78: =I36/Production!I32 -> #DIV/0! | J78: =J36/Production!J32 -> #DIV/0! | K78: =K36/Production!K32 -> #DIV/0! | L78: =L36/Production!L32 -> #DIV/0! | ... W78: =W36/Production!W32 -> #DIV/0!
A79: Total SCGC (Sub only) | C79: kg/ton | D79: 0.72 | E79: =E37/Production!E33 -> 0.33236158 | F79: =F37/Production!F33 -> 0.60609868 | G79: =G37/Production!G33 -> 0.65128979 | H79: =H37/Production!H33 -> 0.51940817 | I79: =I37/Production!I33 -> #DIV/0! | J79: =J37/Production!J33 -> #DIV/0! | K79: =K37/Production!K33 -> #DIV/0! | L79: =L37/Production!L33 -> #DIV/0! | ... W79: =W37/Production!W33 -> #DIV/0!
A81: Thailand (Sub) | C81: kg/ton | D81: 0.38405948 | E81: =E40/Production!E36 -> 0.11968367 | F81: =F40/Production!F36 -> 0.27303625 | G81: =G40/Production!G36 -> 0.17270416 | H81: =H40/Production!H36 -> 0.085243988 | I81: =I40/Production!I36 -> #DIV/0! | J81: =J40/Production!J36 -> #DIV/0! | K81: =K40/Production!K36 -> #DIV/0! | L81: =L40/Production!L36 -> #DIV/0! | ... Q81: =Q40/Production!Q36 -> 0.16657871
A82: Abroad (Sub) | C82: kg/ton | D82: 1.3848915 | E82: =E41/Production!E37 -> 0.77855704 | F82: =F41/Production!F37 -> 1.3697508 | G82: =G41/Production!G37 -> 1.3683054 | H82: =H41/Production!H37 -> 1.1283176 | I82: =I41/Production!I37 -> #DIV/0! | J82: =J41/Production!J37 -> #DIV/0! | K82: =K41/Production!K37 -> #DIV/0! | L82: =L41/Production!L37 -> #DIV/0! | ... Q82: =Q41/Production!Q37 -> 1.158541
A86: =Q36/A80 -> #DIV/0!
B87: ='Non-hz waste gen'!B86 -> 2020 | C87: ='Non-hz waste gen'!C86 -> 2021 | D87: ='Non-hz waste gen'!D86 -> 2022 | E87: ='Non-hz waste gen'!E86 -> 2023 | F87: ='Non-hz waste gen'!F86 -> 46023 | G87: ='Non-hz waste gen'!G86 -> 46054 | H87: ='Non-hz waste gen'!H86 -> 46082 | I87: ='Non-hz waste gen'!I86 -> 46113 | ... R87: ='Non-hz waste gen'!R86 -> YTD 2026
A88: Target | F88: =$D$78 -> 0 | G88: =$D$78 -> 0 | H88: =$D$78 -> 0 | I88: =$D$78 -> 0 | J88: =$D$78 -> 0 | K88: =$D$78 -> 0 | L88: =$D$78 -> 0 | M88: =$D$78 -> 0 | ... R88: =$D$78 -> 0
A89: Actual | B89: =E146 -> 1.327227 | C89: =F146 -> 0.64391856 | D89: =G146 -> 0.69644024 | E89: ='[3]Waste disposal'!$Q$93 -> 0.58324098 | F89: =E78 -> 0.38927963 | G89: =F78 -> 0.64885936 | H89: =G78 -> 0.70501752 | I89: =H78 -> 0.54312831 | J89: =I78 -> #DIV/0! | K89: =J78 -> #DIV/0! | L89: =K78 -> #DIV/0! | M89: =L78 -> #DIV/0! | ... R89: =Q78 -> 0.56705784
A90: Normalize | J90: =(I36-AC36)/Production!I32 -> #DIV/0! | K90: =(J36-AD36)/Production!J32 -> #DIV/0! | L90: =(K36-AE36)/Production!K32 -> #DIV/0! | R90: =(Q36-AK36)/Production!Q32 -> 0.56705784
A91: Production | B91: ='Non-hz waste gen'!B90 -> 9.0561442 | C91: ='Non-hz waste gen'!C90 -> 10.331506 | D91: ='Non-hz waste gen'!D90 -> 8.0495007 | E91: ='Non-hz waste gen'!E90 -> 8.2806149
E145: 2020 | F145: 2021 | G145: 2022 | H145: Plan 2023 | I145: Actual 2023 | J145: Normalize 2023 | K145: Plan 2024
B146: All SCGC | C146: Normal + Special | D146: kg/ton | E146: ='[2]Waste disposal'!C58 -> 1.327227 | F146: ='[2]Waste disposal'!D58 -> 0.64391856 | G146: ='[2]Waste disposal'!E58 -> 0.69644024 | H146: 0.6 | I146: =$Q$78 -> 0.56705784 | J146: =$A$86 -> #DIV/0! | K146: 0.96
C147: Special | D147: kg/ton | E147: ='[7]Waste direct to disposal'!I102 -> 0.29007378 | F147: ='[7]Waste direct to disposal'!J102 -> 0.08 | G147: ='[7]Waste direct to disposal'!K102 -> 0.08 | H147: =H146-H148 -> 0.080603003 | I147: =I146-I148 -> 0
C148: Normal | D148: kg/ton | E148: ='[2]Waste disposal'!U58 -> 1.0371532 | F148: ='[2]Waste disposal'!V58 -> 0.64391856 | G148: ='[2]Waste disposal'!W58 -> 0.69644024 | H148: ='[7]Waste direct to disposal'!$L$68 -> 0.519397 | I148: =$AK$44 -> 0.56705784 | K148: 0.96
C149: Production | D149: Mton | E149: ='[3]Water withdrawal'!E101 -> 9.0561442 | F149: ='[3]Water withdrawal'!F101 -> 10.344746 | G149: ='[3]Water withdrawal'!G101 -> 8.5988599 | H149: ='[3]Water withdrawal'!H101 -> 9.1984955 | I149: ='[3]Water withdrawal'!I101 -> 8280614.9 | K149: ='[3]Non-hz waste gen'!$K$103 -> 8.5300868
B150: Subsidiary only | C150: Normal + Special | D150: kg/ton | E150: ='[2]Waste disposal'!C59 -> 1.1539626 | F150: ='[2]Waste disposal'!D59 -> 0.48961817 | G150: ='[2]Waste disposal'!E59 -> 0.54858758 | H150: =H146 -> 0.6 | I150: =$Q$79 -> 0.52167515 | K150: 0.78
C151: Special | D151: kg/ton | E151: =E150-E152 -> 0.30734106 | F151: =F147 -> 0.08 | G151: =G147 -> 0.08 | H151: =H147 -> 0.080603003 | I151: =I150-I152 -> 0
C152: Normal | D152: kg/ton | E152: ='[2]Waste disposal'!U59 -> 0.84662156 | F152: ='[2]Waste disposal'!V59 -> 0.48961817 | G152: ='[2]Waste disposal'!W59 -> 0.54858758 | H152: =H148 -> 0.519397 | I152: =$AK$49 -> 0.52167515 | K152: 0.78
C153: Production | D153: Mton | E153: ='[3]Water withdrawal'!E103 -> 8.5473449 | F153: ='[3]Water withdrawal'!F103 -> 9.7048038 | G153: ='[3]Water withdrawal'!G103 -> 7.5174075 | H153: ='[3]Water withdrawal'!H103 -> 8.6185785 | I153: ='[3]Water withdrawal'!I103 -> 7.7716395 | K153: ='[3]Non-hz waste gen'!$K$107 -> 8.0037268
J154: =(E146-J146)/E146 -> #DIV/0!
E221: 2020 | F221: 2021 | G221: 2022 | H221: 2023 | I221: Plan 2024
C222: Actual | D222: m3/ton | E222: =E146 -> 1.327227 | F222: =F146 -> 0.64391856 | G222: =G146 -> 0.69644024 | H222: =H224-H223 -> #DIV/0! | I222: =I224-I223 -> 0.16824468 | K222: ='[2]Waste disposal'!$G$27 -> 8190.5074
C223: Normalize | D223: m3/ton | H223: =$J$146 -> #DIV/0! | I223: =K222*1000/K223 -> 0.79175532 | K223: ='[3]Non-hz waste gen'!$K$178 -> 10344746
H224: =$Q$78 -> 0.56705784 | I224: 0.96

Sheet TSP
C2: Production (Ton) | S2: Q1
C3: Company | D3: 46023 | E3: 46054 | F3: 46082 | G3: 46113 | H3: 46143 | I3: 46174 | J3: 46204 | K3: 46235 | L3: 46266 | M3: 46296 | N3: 46327 | O3: 46357 | P3: YTD 2026 | S3: Prod. Ton | T3: Dust g | U3: ton
C4: MOC | D4: =Production!E3 -> 235440 | E4: =Production!F3 -> 214287 | F4: =Production!G3 -> 240157 | G4: =Production!H3 -> 239150 | H4: =Production!I3 -> 0 | I4: =Production!J3 -> 0 | J4: =Production!K3 -> 0 | K4: =Production!L3 -> 0 | ... O4: =Production!P3 -> 0 | P4: =SUM(D4:O4) -> 929034 | R4: Olefins | S4: =SUM(D4:F5,D16:F16) -> 1541340.3 | T4: =SUM(D21:F22,D33:F33) -> 7885660 | U4: =T4/10^6 -> 7.88566
C5: ROC | D5: =Production!E4 -> 159180.34 | E5: =Production!F4 -> 145266.85 | F5: =Production!G4 -> 54076.84 | G5: =Production!H4 -> 6132.719 | H5: =Production!I4 -> 0 | I5: =Production!J4 -> 0 | J5: =Production!K4 -> 0 | K5: =Production!L4 -> 0 | ... O5: =Production!P4 -> 0 | P5: =SUM(D5:O5) -> 364656.75 | R5: PVC | S5: =SUM(D6:F6,D12:F13) -> 347206.21 | T5: =SUM(D23:F23,D29:F30) -> 6337479 | U5: =T5/10^6 -> 6.337479
C6: TPC RY | D6: =Production!E6 -> 102985.09 | E6: =Production!F6 -> 91532.37 | F6: =Production!G6 -> 96333.69 | G6: =Production!H6 -> 83152.3 | H6: =Production!I6 -> 0 | I6: =Production!J6 -> 0 | J6: =Production!K6 -> 0 | K6: =Production!L6 -> 0 | ... O6: =Production!P6 -> 0 | P6: =SUM(D6:O6) -> 374003.45 | R6: Poly | S6: =SUM(D7:F7) -> 381955 | T6: =SUM(D24:F24) -> 56942.579 | U6: =T6/10^6 -> 0.056942579
C7: TPE | D7: =Production!E7 -> 138964 | E7: =Production!F7 -> 138700 | F7: =Production!G7 -> 104291 | G7: =Production!H7 -> 99132 | H7: =Production!I7 -> 0 | I7: =Production!J7 -> 0 | J7: =Production!K7 -> 0 | K7: =Production!L7 -> 0 | ... O7: =Production!P7 -> 0 | P7: =SUM(D7:O7) -> 481087 | R7: Downstream | S7: =SUM(D8:F10,D14:F14) -> 67721.285 | T7: =SUM(D25:F27,D31:F31) -> 1017749.3 | U7: =T7/10^6 -> 1.0177493
C8: ICO | D8: =Production!E10 -> 3910.46 | E8: =Production!F10 -> 3429.836 | F8: =Production!G10 -> 2412.849 | G8: =Production!H10 -> 1988.872 | H8: =Production!I10 -> 0 | I8: =Production!J10 -> 0 | J8: =Production!K10 -> 0 | K8: =Production!L10 -> 0 | ... O8: =Production!P10 -> 0 | P8: =SUM(D8:O8) -> 11742.017 | R8: Circular | S8: =SUM(D15:F15,D11:F11) -> 13880.383 | T8: =SUM(D32:F32,D28:F28) -> 231250 | U8: =T8/10^6 -> 0.23125
C9: NPI RY | D9: =Production!E8 -> 3893 | E9: =Production!F8 -> 4079 | F9: =Production!G8 -> 5156 | G9: =Production!H8 -> 4095 | H9: =Production!I8 -> 0 | I9: =Production!J8 -> 0 | J9: =Production!K8 -> 0 | K9: =Production!L8 -> 0 | ... O9: =Production!P8 -> 0 | P9: =SUM(D9:O9) -> 17223 | S9: =SUM(S4:S8) -> 2352103.1 | T9: =SUM(T4:T8) -> 15529081 | U9: =SUM(U4:U8) -> 15.529081
C10: NPI SB | D10: =Production!E9 -> 7977.9 | E10: =Production!F9 -> 8185 | F10: =Production!G9 -> 9035 | G10: =Production!H9 -> 6812 | H10: =Production!I9 -> 0 | I10: =Production!J9 -> 0 | J10: =Production!K9 -> 0 | K10: =Production!L9 -> 0 | ... O10: =Production!P9 -> 0 | P10: =SUM(D10:O10) -> 32009.9
C11: Teamplas | D11: =Production!E12 -> 2628.63 | E11: =Production!F12 -> 2342.79 | F11: =Production!G12 -> 2032.34 | G11: =Production!H12 -> 1914.63 | H11: =Production!I12 -> 0 | I11: =Production!J12 -> 0 | J11: =Production!K12 -> 0 | K11: =Production!L12 -> 0 | ... O11: =Production!P12 -> 0
C12: TPC Indo | D12: =Production!E18 -> 6519.68 | E12: =Production!F18 -> 8061.68 | F12: =Production!G18 -> 8182.08 | G12: =Production!H18 -> 0 | H12: =Production!I18 -> 0 | I12: =Production!J18 -> 0 | J12: =Production!K18 -> 0 | K12: =Production!L18 -> 0 | ... O12: =Production!P18 -> 0 | P12: =SUM(D12:O12) -> 22763.44
C13: TPC Vina | D13: =Production!E19 -> 14685.199 | E13: =Production!F19 -> 8901.316 | F13: =Production!G19 -> 10005.102 | G13: =Production!H19 -> 8558.762 | H13: =Production!I19 -> 0 | I13: =Production!J19 -> 0 | J13: =Production!K19 -> 0 | K13: =Production!L19 -> 0 | ... O13: =Production!P19 -> 0 | P13: =SUM(D13:O13) -> 42150.379
C14: BMP | D14: =Production!E21 -> 7155.08 | E14: =Production!F21 -> 2579.2 | F14: =Production!G21 -> 9907.96 | G14: =Production!H21 -> 0 | H14: =Production!I21 -> 0 | I14: =Production!J21 -> 0 | J14: =Production!K21 -> 0 | K14: =Production!L21 -> 0 | ... O14: =Production!P21 -> 0 | P14: =SUM(D14:O14) -> 19642.24
C15: Sirplaste | D15: =Production!E25 -> 1825.471 | E15: =Production!F25 -> 2232.647 | F15: =Production!G25 -> 2818.505 | G15: =Production!H25 -> 2933.973 | H15: =Production!I25 -> 0 | I15: =Production!J25 -> 0 | J15: =Production!K25 -> 0 | K15: =Production!L25 -> 0 | ... O15: =Production!P25 -> 0 | P15: =SUM(D15:O15) -> 9810.596
C16: LSP Up | D16: =Production!E26 -> 165864.3 | E16: =Production!F26 -> 144372.95 | F16: =Production!G26 -> 182694.99 | G16: =Production!H26 -> 197818.2 | H16: =Production!I26 -> 0 | I16: =Production!J26 -> 0 | J16: =Production!K26 -> 0 | K16: =Production!L26 -> 0 | ... O16: =Production!P26 -> 0 | P16: =SUM(D16:O16) -> 690750.44
C17: Total SCGC | D17: =SUM(D4:D16) -> 851029.15 | E17: =SUM(E4:E16) -> 773970.64 | F17: =SUM(F4:F16) -> 727103.36 | G17: =SUM(G4:G16) -> 651688.46 | H17: =SUM(H4:H16) -> 0 | I17: =SUM(I4:I16) -> 0 | J17: =SUM(J4:J16) -> 0 | K17: =SUM(K4:K16) -> 0 | ... P17: =SUM(P4:P16) -> 2994873.2
U18: Target (Ton)
C19: Absolute (g) | U19: 2025 | V19: 2026 | W19: 2027 | X19: 2028 | Y19: 2029 | Z19: 2030
C20: Company | D20: 46023 | E20: 46054 | F20: 46082 | G20: 46113 | H20: 46143 | I20: 46174 | J20: 46204 | K20: 46235 | L20: 46266 | M20: 46296 | N20: 46327 | O20: 46357 | P20: YTD 2026 | U20: 59 | V20: 62 | W20: 64 | X20: 65 | Y20: 66 | Z20: 67
C21: MOC | D21: =[1]in!$D$955 -> 1661000 | E21: =[1]in!$E$955 -> 1500000 | F21: =[1]in!$F$955 -> 1661000 | G21: =[1]in!$H$955 -> 1607000 | H21: =[1]in!$I$955 -> 0 | I21: =[1]in!$J$955 -> 0 | J21: =[1]in!$L$955 -> 0 | K21: =[1]in!$M$955 -> 0 | L21: =[1]in!$N$955 -> 0 | M21: =[1]in!$P$955 -> 0 | N21: =[1]in!$Q$955 -> 0 | O21: =[1]in!$R$955 -> 0 | P21: =SUM(D21:O21) -> 6429000
C22: ROC | D22: =[1]in!$D$956 -> 32140 | E22: =[1]in!$E$956 -> 29030 | F22: =[1]in!$F$956 -> 32140 | G22: =[1]in!$H$956 -> 31100 | H22: =[1]in!$I$956 -> 0 | I22: =[1]in!$J$956 -> 0 | J22: =[1]in!$L$956 -> 0 | K22: =[1]in!$M$956 -> 0 | L22: =[1]in!$N$956 -> 0 | M22: =[1]in!$P$956 -> 0 | N22: =[1]in!$Q$956 -> 0 | O22: =[1]in!$R$956 -> 0 | P22: =SUM(D22:O22) -> 124410
C23: TPC RY | D23: =[1]in!$D$960 -> 161210 | E23: =[1]in!$E$960 -> 149310 | F23: =[1]in!$F$960 -> 104980 | G23: =[1]in!$H$960 -> 92636.507 | H23: =[1]in!$I$960 -> 0 | I23: =[1]in!$J$960 -> 0 | J23: =[1]in!$L$960 -> 0 | K23: =[1]in!$M$960 -> 0 | L23: =[1]in!$N$960 -> 0 | M23: =[1]in!$P$960 -> 0 | N23: =[1]in!$Q$960 -> 0 | O23: =[1]in!$R$960 -> 0 | P23: =SUM(D23:O23) -> 508136.51
C24: TPE | D24: =[1]in!$D$964 -> 10944.579 | E24: =[1]in!$E$964 -> 10060 | F24: =[1]in!$F$964 -> 35938 | G24: =[1]in!$H$964 -> 40807 | H24: =[1]in!$I$964 -> 0 | I24: =[1]in!$J$964 -> 0 | J24: =[1]in!$L$964 -> 0 | K24: =[1]in!$M$964 -> 0 | L24: =[1]in!$N$964 -> 0 | M24: =[1]in!$P$964 -> 0 | N24: =[1]in!$Q$964 -> 0 | O24: =[1]in!$R$964 -> 0 | P24: =SUM(D24:O24) -> 97749.579
C25: ICO | D25: =[1]in!$D$972 -> 9600.7582 | E25: =[1]in!$E$972 -> 7744.8045 | F25: =[1]in!$F$972 -> 6163.7647 | G25: =[1]in!$H$972 -> 4737.7427 | H25: =[1]in!$I$972 -> 0 | I25: =[1]in!$J$972 -> 0 | J25: =[1]in!$L$972 -> 0 | K25: =[1]in!$M$972 -> 0 | L25: =[1]in!$N$972 -> 0 | M25: =[1]in!$P$972 -> 0 | N25: =[1]in!$Q$972 -> 0 | O25: =[1]in!$R$972 -> 0 | P25: =SUM(D25:O25) -> 28247.07
C26: NPI RY | D26: =[1]in!$D$969 -> 490 | E26: =[1]in!$E$969 -> 440 | F26: =[1]in!$F$969 -> 490 | G26: =[1]in!$H$969 -> 470 | H26: =[1]in!$I$969 -> 0 | I26: =[1]in!$J$969 -> 0 | J26: =[1]in!$L$969 -> 0 | K26: =[1]in!$M$969 -> 0 | L26: =[1]in!$N$969 -> 0 | M26: =[1]in!$P$969 -> 0 | N26: =[1]in!$Q$969 -> 0 | O26: =[1]in!$R$969 -> 0 | P26: =SUM(D26:O26) -> 1890
C27: NPI SB | D27: =[1]in!$D$970 -> 3010 | E27: =[1]in!$E$970 -> 3010 | F27: =[1]in!$F$970 -> 3340 | G27: =[1]in!$H$970 -> 2470 | H27: =[1]in!$I$970 -> 0 | I27: =[1]in!$J$970 -> 0 | J27: =[1]in!$L$970 -> 0 | K27: =[1]in!$M$970 -> 0 | L27: =[1]in!$N$970 -> 0 | M27: =[1]in!$P$970 -> 0 | N27: =[1]in!$Q$970 -> 0 | O27: =[1]in!$R$970 -> 0 | P27: =SUM(D27:O27) -> 11830
C28: Teamplas | D28: =10.97*1000 -> 10970 | E28: =[1]in!$E$983 -> 10970 | F28: =[1]in!$F$983 -> 11880 | G28: =[1]in!$H$983 -> 10050 | H28: =[1]in!$I$983 -> 0 | I28: =[1]in!$J$983 -> 0 | J28: =[1]in!$L$983 -> 0 | K28: =[1]in!$M$983 -> 0 | L28: =[1]in!$N$983 -> 0 | M28: =[1]in!$P$983 -> 0 | N28: =[1]in!$Q$983 -> 0 | O28: =[1]in!$R$983 -> 0 | P28: =SUM(D28:O28) -> 43870
C29: TPC Indo | D29: =[1]in!$D$959 -> 280522.63 | E29: =[1]in!$E$959 -> 372707.31 | F29: =[1]in!$F$959 -> 364749.07 | G29: =[1]in!$H$959 -> 0 | H29: =[1]in!$I$959 -> 0 | I29: =[1]in!$J$959 -> 0 | J29: =[1]in!$L$959 -> 0 | K29: =[1]in!$M$959 -> 0 | L29: =[1]in!$N$959 -> 0 | M29: =[1]in!$P$959 -> 0 | N29: =[1]in!$Q$959 -> 0 | O29: =[1]in!$R$959 -> 0 | P29: =SUM(D29:O29) -> 1017979
C30: TPC Vina | D30: =[1]in!$D$961 -> 2748000 | E30: =[1]in!$E$961 -> 1678000 | F30: =[1]in!$F$961 -> 478000 | G30: =[1]in!$H$961 -> 403000 | H30: =[1]in!$I$961 -> 0 | I30: =[1]in!$J$961 -> 0 | J30: =[1]in!$L$961 -> 0 | K30: =[1]in!$M$961 -> 0 | L30: =[1]in!$N$961 -> 0 | M30: =[1]in!$P$961 -> 0 | N30: =[1]in!$Q$961 -> 0 | O30: =[1]in!$R$961 -> 0 | P30: =SUM(D30:O30) -> 5307000
C31: BMP | D31: =[1]in!$D$966 -> 583880 | E31: =[1]in!$E$966 -> 161840 | F31: =[1]in!$F$966 -> 237740 | G31: =[1]in!$H$966 -> 0 | H31: =[1]in!$I$966 -> 0 | I31: =[1]in!$J$966 -> 0 | J31: =[1]in!$L$966 -> 0 | K31: =[1]in!$M$966 -> 0 | L31: =[1]in!$N$966 -> 0 | M31: =[1]in!$P$966 -> 0 | N31: =[1]in!$Q$966 -> 0 | O31: =[1]in!$R$966 -> 0 | P31: =SUM(D31:O31) -> 983460
C32: Sirplaste | D32: =[1]in!$D$982 -> 51450 | E32: =[1]in!$E$982 -> 67390 | F32: =[1]in!$F$982 -> 78590 | G32: =[1]in!$H$982 -> 79530 | H32: =[1]in!$I$982 -> 0 | I32: =[1]in!$J$982 -> 0 | J32: =[1]in!$L$982 -> 0 | K32: =[1]in!$M$982 -> 0 | L32: =[1]in!$N$982 -> 0 | M32: =[1]in!$P$982 -> 0 | N32: =[1]in!$Q$982 -> 0 | O32: =[1]in!$R$982 -> 0 | P32: =SUM(D32:O32) -> 276960
C33: LSP | D33: =[1]in!$D$957 -> 800620 | E33: =[1]in!$E$957 -> 1009170 | F33: =[1]in!$F$957 -> 1160560 | G33: =[1]in!$H$957 -> 1012510 | H33: =[1]in!$I$957 -> 0 | I33: =[1]in!$J$957 -> 0 | J33: =[1]in!$L$957 -> 0 | K33: =[1]in!$M$957 -> 0 | L33: =[1]in!$N$957 -> 0 | M33: =[1]in!$P$957 -> 0 | N33: =[1]in!$Q$957 -> 0 | O33: =[1]in!$R$957 -> 0 | P33: =SUM(D33:O33) -> 3982860
C34: Total SCGC | D34: =SUM(D21:D33) -> 6353838 | E34: =SUM(E21:E33) -> 4999672.1 | F34: =SUM(F21:F33) -> 4175570.8 | G34: =SUM(G21:G33) -> 3284311.2 | H34: =SUM(H21:H33) -> 0 | I34: =SUM(I21:I33) -> 0 | J34: =SUM(J21:J33) -> 0 | K34: =SUM(K21:K33) -> 0 | ... P34: =SUM(P21:P33) -> 18813392
C35: (ton) | D35: =D34/10^6 -> 6.353838 | E35: =E34/10^6 -> 4.9996721 | F35: =F34/10^6 -> 4.1755708 | G35: =G34/10^6 -> 3.2843112 | H35: =H34/10^6 -> 0 | I35: =I34/10^6 -> 0 | J35: =J34/10^6 -> 0 | K35: =K34/10^6 -> 0 | ... P35: =P34/10^6 -> 18.813392
C38: Absolute (ton)
B39: Target (ton) | C39: Company | D39: 46023 | E39: 46054 | F39: 46082 | G39: 46113 | H39: 46143 | I39: 46174 | J39: 46204 | K39: 46235 | L39: 46266 | M39: 46296 | N39: 46327 | O39: 46357 | P39: YTD 2026
B40: 19.9 | C40: MOC | D40: =D21/10^6 -> 1.661 | E40: =E21/10^6 -> 1.5 | F40: =F21/10^6 -> 1.661 | G40: =G21/10^6 -> 1.607 | H40: =H21/10^6 -> 0 | I40: =I21/10^6 -> 0 | J40: =J21/10^6 -> 0 | K40: =K21/10^6 -> 0 | ... P40: =P21/10^6 -> 6.429
B41: =32.5-19.9 -> 12.6 | C41: ROC | D41: =D22/10^6 -> 0.03214 | E41: =E22/10^6 -> 0.02903 | F41: =F22/10^6 -> 0.03214 | G41: =G22/10^6 -> 0.0311 | H41: =H22/10^6 -> 0 | I41: =I22/10^6 -> 0 | J41: =J22/10^6 -> 0 | K41: =K22/10^6 -> 0 | ... P41: =P22/10^6 -> 0.12441
B42: 7.9 | C42: TPC RY | D42: =D23/10^6 -> 0.16121 | E42: =E23/10^6 -> 0.14931 | F42: =F23/10^6 -> 0.10498 | G42: =G23/10^6 -> 0.092636507 | H42: =H23/10^6 -> 0 | I42: =I23/10^6 -> 0 | J42: =J23/10^6 -> 0 | K42: =K23/10^6 -> 0 | ... P42: =P23/10^6 -> 0.50813651
B43: 0.5 | C43: TPE | D43: =D24/10^6 -> 0.010944579 | E43: =E24/10^6 -> 0.01006 | F43: =F24/10^6 -> 0.035938 | G43: =G24/10^6 -> 0.040807 | H43: =H24/10^6 -> 0 | I43: =I24/10^6 -> 0 | J43: =J24/10^6 -> 0 | K43: =K24/10^6 -> 0 | ... P43: =P24/10^6 -> 0.097749579
B44: 0.28 | C44: ICO | D44: =D25/10^6 -> 0.0096007582 | E44: =E25/10^6 -> 0.0077448045 | F44: =F25/10^6 -> 0.0061637647 | G44: =G25/10^6 -> 0.0047377427 | H44: =H25/10^6 -> 0 | I44: =I25/10^6 -> 0 | J44: =J25/10^6 -> 0 | K44: =K25/10^6 -> 0 | ... P44: =P25/10^6 -> 0.02824707
B45: - | C45: NPI RY | D45: =D26/10^6 -> 0.00049 | E45: =E26/10^6 -> 0.00044 | F45: =F26/10^6 -> 0.00049 | G45: =G26/10^6 -> 0.00047 | H45: =H26/10^6 -> 0 | I45: =I26/10^6 -> 0 | J45: =J26/10^6 -> 0 | K45: =K26/10^6 -> 0 | ... P45: =P26/10^6 -> 0.00189
B46: - | C46: NPI SB | D46: =D27/10^6 -> 0.00301 | E46: =E27/10^6 -> 0.00301 | F46: =F27/10^6 -> 0.00334 | G46: =G27/10^6 -> 0.00247 | H46: =H27/10^6 -> 0 | I46: =I27/10^6 -> 0 | J46: =J27/10^6 -> 0 | K46: =K27/10^6 -> 0 | ... P46: =P27/10^6 -> 0.01183
B47: 1 | C47: Teamplas | D47: =D28/10^6 -> 0.01097 | E47: =E28/10^6 -> 0.01097 | F47: =F28/10^6 -> 0.01188 | G47: =G28/10^6 -> 0.01005 | H47: =H28/10^6 -> 0 | I47: =I28/10^6 -> 0 | J47: =J28/10^6 -> 0 | K47: =K28/10^6 -> 0 | ... P47: =P28/10^6 -> 0.04387
B48: 6 | C48: TPC Indo | D48: =D29/10^6 -> 0.28052263 | E48: =E29/10^6 -> 0.37270731 | F48: =F29/10^6 -> 0.36474907 | G48: =G29/10^6 -> 0 | H48: =H29/10^6 -> 0 | I48: =I29/10^6 -> 0 | J48: =J29/10^6 -> 0 | K48: =K29/10^6 -> 0 | ... P48: =P29/10^6 -> 1.017979
B49: 13.1 | C49: TPC Vina | D49: =D30/10^6 -> 2.748 | E49: =E30/10^6 -> 1.678 | F49: =F30/10^6 -> 0.478 | G49: =G30/10^6 -> 0.403 | H49: =H30/10^6 -> 0 | I49: =I30/10^6 -> 0 | J49: =J30/10^6 -> 0 | K49: =K30/10^6 -> 0 | ... P49: =P30/10^6 -> 5.307
B50: 6.5 | C50: BMP | D50: =D31/10^6 -> 0.58388 | E50: =E31/10^6 -> 0.16184 | F50: =F31/10^6 -> 0.23774 | G50: =G31/10^6 -> 0 | H50: =H31/10^6 -> 0 | I50: =I31/10^6 -> 0 | J50: =J31/10^6 -> 0 | K50: =K31/10^6 -> 0 | ... P50: =P31/10^6 -> 0.98346
B51: 1.09 | C51: Sirplaste | D51: =D32/10^6 -> 0.05145 | E51: =E32/10^6 -> 0.06739 | F51: =F32/10^6 -> 0.07859 | G51: =G32/10^6 -> 0.07953 | H51: =H32/10^6 -> 0 | I51: =I32/10^6 -> 0 | J51: =J32/10^6 -> 0 | K51: =K32/10^6 -> 0 | ... P51: =P32/10^6 -> 0.27696
B52: 9.31 | C52: LSP Up | D52: =D33/10^6 -> 0.80062 | E52: =E33/10^6 -> 1.00917 | F52: =F33/10^6 -> 1.16056 | G52: =G33/10^6 -> 1.01251 | H52: =H33/10^6 -> 0 | I52: =I33/10^6 -> 0 | J52: =J33/10^6 -> 0 | K52: =K33/10^6 -> 0 | ... P52: =P33/10^6 -> 3.98286
B53: 78 | C53: Total SCGC | D53: =D34/10^6 -> 6.353838 | E53: =E34/10^6 -> 4.9996721 | F53: =F34/10^6 -> 4.1755708 | G53: =G34/10^6 -> 3.2843112 | H53: =H34/10^6 -> 0 | I53: =I34/10^6 -> 0 | J53: =J34/10^6 -> 0 | K53: =K34/10^6 -> 0 | ... P53: =P34/10^6 -> 18.813392
B54: 6.5 | C54: NPI Group
C56: Specific (g/ton)
C57: Company | D57: 46023 | E57: 46054 | F57: 46082 | G57: 46113 | H57: 46143 | I57: 46174 | J57: 46204 | K57: 46235 | L57: 46266 | M57: 46296 | N57: 46327 | O57: 46357 | P57: YTD 2026
C58: MOC | D58: =D21/D4 -> 7.054876 | E58: =E21/E4 -> 6.999958 | F58: =F21/F4 -> 6.9163089 | G58: =G21/G4 -> 6.719632 | H58: =H21/H4 -> #DIV/0! | I58: =I21/I4 -> #DIV/0! | J58: =J21/J4 -> #DIV/0! | K58: =K21/K4 -> #DIV/0! | ... P58: =P21/P4 -> 6.9200912
C59: ROC | D59: =D22/D5 -> 0.20190936 | E59: =E22/E5 -> 0.19983912 | F59: =F22/F5 -> 0.59433946 | G59: =G22/G5 -> 5.0711601 | H59: =H22/H5 -> #DIV/0! | I59: =I22/I5 -> #DIV/0! | J59: =J22/J5 -> #DIV/0! | K59: =K22/K5 -> #DIV/0! | ... P59: =P22/P5 -> 0.34117016
C60: TPC RY | D60: =D23/D6 -> 1.5653722 | E60: =E23/E6 -> 1.6312262 | F60: =F23/F6 -> 1.0897538 | G60: =G23/G6 -> 1.1140583 | H60: =H23/H6 -> #DIV/0! | I60: =I23/I6 -> #DIV/0! | J60: =J23/J6 -> #DIV/0! | K60: =K23/K6 -> #DIV/0! | ... P60: =P23/P6 -> 1.3586412
C61: TPE | D61: =D24/D7 -> 0.078758376 | E61: =E24/E7 -> 0.072530642 | F61: =F24/F7 -> 0.34459349 | G61: =G24/G7 -> 0.41164306 | H61: =H24/H7 -> #DIV/0! | I61: =I24/I7 -> #DIV/0! | J61: =J24/J7 -> #DIV/0! | K61: =K24/K7 -> #DIV/0! | ... P61: =P24/P7 -> 0.20318483
C62: ICO | D62: =D25/D8 -> 2.455148 | E62: =E25/E8 -> 2.2580685 | F62: =F25/F8 -> 2.5545588 | G62: =G25/G8 -> 2.3821255 | H62: =H25/H8 -> #DIV/0! | I62: =I25/I8 -> #DIV/0! | J62: =J25/J8 -> #DIV/0! | K62: =K25/K8 -> #DIV/0! | ... P62: =P25/P8 -> 2.4056404
C63: NPI RY | D63: =D26/D9 -> 0.12586694 | E63: =E26/E9 -> 0.10786958 | F63: =F26/F9 -> 0.095034911 | G63: =G26/G9 -> 0.11477411 | H63: =H26/H9 -> #DIV/0! | I63: =I26/I9 -> #DIV/0! | J63: =J26/J9 -> #DIV/0! | K63: =K26/K9 -> #DIV/0! | ... P63: =P26/P9 -> 0.10973698
C64: NPI SB | D64: =D27/D10 -> 0.37729227 | E64: =E27/E10 -> 0.36774588 | F64: =F27/F10 -> 0.36967349 | G64: =G27/G10 -> 0.36259542 | H64: =H27/H10 -> #DIV/0! | I64: =I27/I10 -> #DIV/0! | J64: =J27/J10 -> #DIV/0! | K64: =K27/K10 -> #DIV/0! | ... P64: =P27/P10 -> 0.36957316
C65: TPC Indo | D65: =D29/D12 -> 43.027054 | E65: =E29/E12 -> 46.231966 | F65: =F29/F12 -> 44.579016 | G65: =G29/G12 -> #DIV/0! | H65: =H29/H12 -> #DIV/0! | I65: =I29/I12 -> #DIV/0! | J65: =J29/J12 -> #DIV/0! | K65: =K29/K12 -> #DIV/0! | ... P65: =P29/P12 -> 44.719911
C66: TPC Vina | D66: =D30/D13 -> 187.12719 | E66: =E30/E13 -> 188.51145 | F66: =F30/F13 -> 47.775625 | G66: =G30/G13 -> 47.086249 | H66: =H30/H13 -> #DIV/0! | I66: =I30/I13 -> #DIV/0! | J66: =J30/J13 -> #DIV/0! | K66: =K30/K13 -> #DIV/0! | ... P66: =P30/P13 -> 125.90634
C67: BMP | D67: =D31/D14 -> 81.60356 | E67: =E31/E14 -> 62.748139 | F67: =F31/F14 -> 23.994849 | G67: =G31/G14 -> #DIV/0! | H67: =H31/H14 -> #DIV/0! | I67: =I31/I14 -> #DIV/0! | J67: =J31/J14 -> #DIV/0! | K67: =K31/K14 -> #DIV/0! | ... P67: =P31/P14 -> 50.068628
C68: Sirplaste | D68: =D32/D15 -> 28.184507 | E68: =E32/E15 -> 30.183903 | F68: =F32/F15 -> 27.883577 | G68: =G32/G15 -> 27.106589 | H68: =H32/H15 -> #DIV/0! | I68: =I32/I15 -> #DIV/0! | J68: =J32/J15 -> #DIV/0! | K68: =K32/K15 -> #DIV/0! | ... P68: =P32/P15 -> 28.230701
C69: LSP Up | D69: =D33/D16 -> 4.8269579 | E69: =E33/E16 -> 6.9900213 | F69: =F33/F16 -> 6.3524457 | G69: =G33/G16 -> 5.1183865 | H69: =H33/H16 -> #DIV/0! | I69: =I33/I16 -> #DIV/0! | J69: =J33/J16 -> #DIV/0! | K69: =K33/K16 -> #DIV/0! | ... P69: =P33/P16 -> 5.7659898
C70: Total SCGC | D70: =D34/D17 -> 7.4660638 | E70: =E34/E17 -> 6.4597697 | F70: =F34/F17 -> 5.7427473 | G70: =G34/G17 -> 5.0396953 | H70: =H34/H17 -> #DIV/0! | I70: =I34/I17 -> #DIV/0! | J70: =J34/J17 -> #DIV/0! | K70: =K34/K17 -> #DIV/0! | ... P70: =P34/P17 -> 6.281866
B73: Target (ton)
B74: =B40+B41+B42+B43+B44+B47 -> 42.18 | C74: Thai (ton) | D74: =D40+D41+D42+D43+D44+D45+D46+D47 -> 1.8893653 | E74: =E40+E41+E42+E43+E44+E45+E46+E47 -> 1.7105648 | F74: =F40+F41+F42+F43+F44+F45+F46+F47 -> 1.8559318 | G74: =G40+G41+G42+G43+G44+G45+G46+G47 -> 1.7892712 | H74: =H40+H41+H42+H43+H44+H45+H46+H47 -> 0 | I74: =I40+I41+I42+I43+I44+I45+I46+I47 -> 0 | J74: =J40+J41+J42+J43+J44+J45+J46+J47 -> 0 | K74: =K40+K41+K42+K43+K44+K45+K46+K47 -> 0 | ... P74: =P40+P41+P42+P43+P44+P45+P46+P47 -> 7.2451332
B75: =B48+B49+B50+B51+B52 -> 36 | C75: Abroad (ton) | D75: =D48+D49+D50+D51+D52 -> 4.4644726 | E75: =E48+E49+E50+E51+E52 -> 3.2891073 | F75: =F48+F49+F50+F51+F52 -> 2.3196391 | G75: =G48+G49+G50+G51+G52 -> 1.49504 | H75: =H48+H49+H50+H51+H52 -> 0 | I75: =I48+I49+I50+I51+I52 -> 0 | J75: =J48+J49+J50+J51+J52 -> 0 | K75: =K48+K49+K50+K51+K52 -> 0 | ... P75: =P48+P49+P50+P51+P52 -> 11.568259
C76: SCGC Sub (Ton) | D76: =SUM(D74:D75) -> 6.353838 | E76: =SUM(E74:E75) -> 4.9996721 | F76: =SUM(F74:F75) -> 4.1755708 | G76: =SUM(G74:G75) -> 3.2843112 | H76: =SUM(H74:H75) -> 0 | I76: =SUM(I74:I75) -> 0 | J76: =SUM(J74:J75) -> 0 | K76: =SUM(K74:K75) -> 0 | ... P76: =SUM(P74:P75) -> 18.813392

Sheet Non-hz waste gen
A1: Non-hz Waste Generated | Y1: Special
B2: Company | C2: Unit | D2: Target | E2: 46023 | F2: 46054 | G2: 46082 | H2: 46113 | I2: 46143 | J2: 46174 | K2: 46204 | L2: 46235 | M2: 46266 | N2: 46296 | O2: 46327 | P2: 46357 | Q2: YTD 2026 | R2: Q1 | S2: Q2 | T2: Q3 | U2: Q4 | V2: H1 | W2: H2 | Y2: 46023 | Z2: 46054 | AA2: 46082 | AB2: 46113 | AC2: 46143 | AD2: 46174 | AE2: 46204 | AF2: 46235 | AG2: 46266 | AH2: 46296 | AI2: 46327 | AJ2: 46357 | AK2: YTD
A3: Domestic | B3: MOC | C3: kg | E3: 146910 | F3: =[1]in!$E$1227 -> 139080 | G3: =[1]in!$F$1227 -> 210000 | H3: =[1]in!$H$1227 -> 196340 | I3: =[1]in!$I$1227 -> 0 | J3: =[1]in!$J$1227 -> 0 | K3: =[1]in!$L$1227 -> 0 | L3: =[1]in!$M$1227 -> 0 | M3: =[1]in!$N$1227 -> 0 | N3: =[1]in!$P$1227 -> 0 | O3: =[1]in!$Q$1227 -> 0 | P3: =[1]in!$R$1227 -> 0 | Q3: =SUM(E3:P3) -> 692330 | R3: =SUM(E3:G3) -> 495990 | S3: =SUM(H3:J3) -> 196340 | T3: =SUM(K3:M3) -> 0 | U3: =SUM(N3:P3) -> 0 | V3: =SUM(E3:J3) -> 692330 | W3: =SUM(K3:P3) -> 0 | X3: =Q3/$Q$37 -> 0.073008719 | AK3: =SUM(Y3:AJ3) -> 0
B4: ROC | C4: kg | E4: 154152 | F4: =[1]in!$E$1228 -> 139359 | G4: =[1]in!$F$1228 -> 123843 | H4: =[1]in!$H$1228 -> 51525 | I4: =[1]in!$I$1228 -> 0 | J4: =[1]in!$J$1228 -> 0 | K4: =[1]in!$L$1228 -> 0 | L4: =[1]in!$M$1228 -> 0 | M4: =[1]in!$N$1228 -> 0 | N4: =[1]in!$P$1228 -> 0 | O4: =[1]in!$Q$1228 -> 0 | P4: =[1]in!$R$1228 -> 0 | Q4: =SUM(E4:P4) -> 468879 | R4: =SUM(E4:G4) -> 417354 | S4: =SUM(H4:J4) -> 51525 | T4: =SUM(K4:M4) -> 0 | U4: =SUM(N4:P4) -> 0 | V4: =SUM(E4:J4) -> 468879 | W4: =SUM(K4:P4) -> 0 | X4: =Q4/$Q$37 -> 0.049444997 | AK4: =SUM(Y4:AJ4) -> 0
B5: Olefins | C5: kg | E5: =SUM(E3:E4) -> 301062 | F5: =SUM(F3:F4) -> 278439 | G5: =SUM(G3:G4) -> 333843 | H5: =SUM(H3:H4) -> 247865 | I5: =SUM(I3:I4) -> 0 | J5: =SUM(J3:J4) -> 0 | K5: =SUM(K3:K4) -> 0 | L5: =SUM(L3:L4) -> 0 | ... P5: =SUM(P3:P4) -> 0 | Q5: =SUM(E5:P5) -> 1161209 | R5: =SUM(E5:G5) -> 913344 | S5: =SUM(H5:J5) -> 247865 | T5: =SUM(K5:M5) -> 0 | U5: =SUM(N5:P5) -> 0 | V5: =SUM(E5:J5) -> 1161209 | W5: =SUM(K5:P5) -> 0 | X5: =Q5/$Q$37 -> 0.12245372 | AK5: =SUM(AK3:AK4) -> 0
B6: TPC RY | C6: kg | E6: 160840 | F6: =[1]in!$E$1232 -> 209590 | G6: =[1]in!$F$1232 -> 128630 | H6: =[1]in!$H$1232 -> 339380 | I6: =[1]in!$I$1232 -> 0 | J6: =[1]in!$J$1232 -> 0 | K6: =[1]in!$L$1232 -> 0 | L6: =[1]in!$M$1232 -> 0 | M6: =[1]in!$N$1232 -> 0 | N6: =[1]in!$P$1232 -> 0 | O6: =[1]in!$Q$1232 -> 0 | P6: =[1]in!$R$1232 -> 0 | Q6: =SUM(E6:P6) -> 838440 | R6: =SUM(E6:G6) -> 499060 | S6: =SUM(H6:J6) -> 339380 | T6: =SUM(K6:M6) -> 0 | U6: =SUM(N6:P6) -> 0 | V6: =SUM(E6:J6) -> 838440 | W6: =SUM(K6:P6) -> 0 | X6: =Q6/$Q$37 -> 0.08841655 | AK6: =SUM(Y6:AJ6) -> 0
B7: TPE | C7: kg | E7: 649180 | F7: =[1]in!$E$1236 -> 358070 | G7: =[1]in!$F$1236 -> 419990 | H7: =[1]in!$H$1236 -> 318570 | I7: =[1]in!$I$1236 -> 0 | J7: =[1]in!$J$1236 -> 0 | K7: =[1]in!$L$1236 -> 0 | L7: =[1]in!$M$1236 -> 0 | M7: =[1]in!$N$1236 -> 0 | N7: =[1]in!$P$1236 -> 0 | O7: =[1]in!$Q$1236 -> 0 | P7: =[1]in!$R$1236 -> 0 | Q7: =SUM(E7:P7) -> 1745810 | R7: =SUM(E7:G7) -> 1427240 | S7: =SUM(H7:J7) -> 318570 | T7: =SUM(K7:M7) -> 0 | U7: =SUM(N7:P7) -> 0 | V7: =SUM(E7:J7) -> 1745810 | W7: =SUM(K7:P7) -> 0 | X7: =Q7/$Q$37 -> 0.18410202 | AK7: =SUM(Y7:AJ7) -> 0
B8: NPI RY | C8: kg | E8: 80020 | F8: =[1]in!$E$1241 -> 95265 | G8: =[1]in!$F$1241 -> 81854 | H8: =[1]in!$H$1241 -> 77099 | I8: =[1]in!$I$1241 -> 0 | J8: =[1]in!$J$1241 -> 0 | K8: =[1]in!$L$1241 -> 0 | L8: =[1]in!$M$1241 -> 0 | M8: =[1]in!$N$1241 -> 0 | N8: =[1]in!$P$1241 -> 0 | O8: =[1]in!$Q$1241 -> 0 | P8: =[1]in!$R$1241 -> 0 | Q8: =SUM(E8:P8) -> 334238 | R8: =SUM(E8:G8) -> 257139 | S8: =SUM(H8:J8) -> 77099 | T8: =SUM(K8:M8) -> 0 | U8: =SUM(N8:P8) -> 0 | V8: =SUM(E8:J8) -> 334238 | W8: =SUM(K8:P8) -> 0 | X8: =Q8/$Q$37 -> 0.035246614 | AK8: =SUM(Y8:AJ8) -> 0
B9: NPI SB | C9: kg | E9: 76120 | F9: =[1]in!$E$1242 -> 81220 | G9: =[1]in!$F$1242 -> 75860 | H9: =[1]in!$H$1242 -> 67320 | I9: =[1]in!$I$1242 -> 0 | J9: =[1]in!$J$1242 -> 0 | K9: =[1]in!$L$1242 -> 0 | L9: =[1]in!$M$1242 -> 0 | M9: =[1]in!$N$1242 -> 0 | N9: =[1]in!$P$1242 -> 0 | O9: =[1]in!$Q$1242 -> 0 | P9: =[1]in!$R$1242 -> 0 | Q9: =SUM(E9:P9) -> 300520 | R9: =SUM(E9:G9) -> 233200 | S9: =SUM(H9:J9) -> 67320 | T9: =SUM(K9:M9) -> 0 | U9: =SUM(N9:P9) -> 0 | V9: =SUM(E9:J9) -> 300520 | W9: =SUM(K9:P9) -> 0 | X9: =Q9/$Q$37 -> 0.031690928 | AK9: =SUM(Y9:AJ9) -> 0
B10: NIT | C10: kg | E10: 0 | F10: =[1]in!$E$1250 -> 15300 | G10: =[1]in!$F$1250 -> 0 | H10: =[1]in!$H$1250 -> 0 | I10: =[1]in!$I$1250 -> 2110 | J10: =[1]in!$J$1250 -> 0 | K10: =[1]in!$L$1250 -> 0 | L10: =[1]in!$M$1250 -> 0 | M10: =[1]in!$N$1250 -> 0 | N10: =[1]in!$P$1250 -> 0 | O10: =[1]in!$Q$1250 -> 0 | P10: =[1]in!$R$1250 -> 0 | Q10: =SUM(E10:P10) -> 17410 | R10: =SUM(E10:G10) -> 15300 | V10: =SUM(E10:J10) -> 17410 | X10: =Q10/$Q$37 -> 0.0018359479
B11: SCGC ICO | C11: kg | E11: 17990 | F11: =[1]in!$E$1244 -> 24840 | G11: =[1]in!$F$1244 -> 1470 | H11: =[1]in!$H$1244 -> 19410 | I11: =[1]in!$I$1244 -> 0 | J11: =[1]in!$J$1244 -> 0 | K11: =[1]in!$L$1244 -> 0 | L11: =[1]in!$M$1244 -> 0 | M11: =[1]in!$N$1244 -> 0 | N11: =[1]in!$P$1244 -> 0 | O11: =[1]in!$Q$1244 -> 0 | P11: =[1]in!$R1244 -> 0 | Q11: =SUM(E11:P11) -> 63710 | R11: =SUM(E11:G11) -> 44300 | S11: =SUM(H11:J11) -> 19410 | T11: =SUM(K11:M11) -> 0 | U11: =SUM(N11:P11) -> 0 | V11: =SUM(E11:J11) -> 63710 | W11: =SUM(K11:P11) -> 0 | X11: =Q11/$Q$37 -> 0.0067184514 | AK11: =SUM(Y11:AJ11) -> 0
B12: Cirplas | C12: kg | E12: 0 | F12: =[1]in!$E$1253 -> 0 | G12: =[1]in!$F$1253 -> 0 | H12: =[1]in!$H$1253 -> 0 | I12: =[1]in!$I$1253 -> 0 | J12: =[1]in!$J$1253 -> 0 | K12: =[1]in!$L$1253 -> 0 | L12: =[1]in!$M$1253 -> 0 | M12: =[1]in!$N$1253 -> 0 | N12: =[1]in!$P$1253 -> 0 | O12: =[1]in!$Q$1253 -> 0 | P12: =[1]in!$R$1253 -> 0 | Q12: =SUM(E12:P12) -> 0 | R12: =SUM(E12:G12) -> 0 | S12: =SUM(H12:J12) -> 0 | T12: =SUM(K12:M12) -> 0 | U12: =SUM(N12:P12) -> 0 | V12: =SUM(E12:J12) -> 0 | W12: =SUM(K12:P12) -> 0 | X12: =Q12/$Q$37 -> 0 | AK12: =SUM(Y12:AJ12) -> 0
B13: Teamplas | C13: kg | E13: =0.8*1000 -> 800 | F13: =[1]in!$E$1255 -> 11300 | G13: =[1]in!$F$1255 -> 55790 | H13: =[1]in!$H$1255 -> 41290 | I13: =[1]in!$I$1255 -> 0 | J13: =[1]in!$J$1255 -> 0 | K13: =[1]in!$L$1255 -> 0 | L13: =[1]in!$M$1255 -> 0 | M13: =[1]in!$N$1255 -> 0 | N13: =[1]in!$P$1255 -> 0 | O13: =[1]in!$Q$1255 -> 0 | P13: =[1]in!$R$1255 -> 0 | Q13: =SUM(E13:P13) -> 109180 | R13: =SUM(E13:G13) -> 67890 | V13: =SUM(E13:J13) -> 109180 | X13: =Q13/$Q$37 -> 0.011513428
B14: MTT | C14: kg | E14: 0 | F14: =[1]in!$E$1249 -> 0 | G14: =[1]in!$F$1249 -> 39000 | H14: =[1]in!$H$1249 -> 66550 | I14: =[1]in!$I$1249 -> 0 | J14: =[1]in!$J$1249 -> 0 | K14: =[1]in!$L$1249 -> 0 | L14: =[1]in!$M$1249 -> 0 | M14: =[1]in!$N$1249 -> 0 | N14: =[1]in!$P$1249 -> 0 | O14: =[1]in!$Q$1249 -> 0 | P14: =[1]in!$R$1249 -> 0 | Q14: =SUM(E14:P14) -> 105550 | R14: =SUM(E14:G14) -> 39000 | S14: =SUM(H14:J14) -> 66550 | T14: =SUM(K14:M14) -> 0 | U14: =SUM(N14:P14) -> 0 | V14: =SUM(E14:J14) -> 105550 | W14: =SUM(K14:P14) -> 0 | X14: =Q14/$Q$37 -> 0.011130632 | AK14: =SUM(Y14:AJ14) -> 0
B15: RIL | C15: kg | E15: 78790 | F15: =[1]in!$E$1251 -> 97730 | G15: =[1]in!$F$1251 -> 90300 | H15: =[1]in!$H$1251 -> 112980 | I15: =[1]in!$I$1251 -> 0 | J15: =[1]in!$J$1251 -> 0 | K15: =[1]in!$L$1251 -> 0 | L15: =[1]in!$M$1251 -> 0 | M15: =[1]in!$N$1251 -> 0 | N15: =[1]in!$P$1251 -> 0 | O15: =[1]in!$Q$1251 -> 0 | P15: =[1]in!$R$1251 -> 0 | Q15: =SUM(E15:P15) -> 379800 | R15: =SUM(E15:G15) -> 266820 | S15: =SUM(H15:J15) -> 112980 | T15: =SUM(K15:M15) -> 0 | U15: =SUM(N15:P15) -> 0 | V15: =SUM(E15:J15) -> 379800 | W15: =SUM(K15:P15) -> 0 | X15: =Q15/$Q$37 -> 0.040051293 | AK15: =SUM(Y15:AJ15) -> 0
B16: TMMA | C16: kg | E16: 45220 | F16: =[1]in!$E$1235 -> 50530 | G16: =[1]in!$F$1235 -> 214642 | H16: =[1]in!$H$1235 -> 38021 | I16: =[1]in!$I$1235 -> 0 | J16: =[1]in!$J$1235 -> 0 | K16: =[1]in!$L$1235 -> 0 | L16: =[1]in!$M$1235 -> 0 | M16: =[1]in!$N$1235 -> 0 | N16: =[1]in!$P$1235 -> 0 | O16: =[1]in!$Q$1235 -> 0 | P16: =[1]in!$R$1235 -> 0 | Q16: =SUM(E16:P16) -> 348413 | R16: =SUM(E16:G16) -> 310392 | S16: =SUM(H16:J16) -> 38021 | T16: =SUM(K16:M16) -> 0 | U16: =SUM(N16:P16) -> 0 | V16: =SUM(E16:J16) -> 348413 | W16: =SUM(K16:P16) -> 0 | X16: =Q16/$Q$36 -> 0.031936775 | AK16: =SUM(Y16:AJ16) -> 0
B17: GSC | C17: kg | E17: 162900 | F17: =[1]in!$E$1240 -> 170780 | G17: =[1]in!$F$1240 -> 172570 | H17: =[1]in!$H$1240 -> 150180 | I17: =[1]in!$I$1240 -> 0 | J17: =[1]in!$J$1240 -> 0 | K17: =[1]in!$L$1240 -> 0 | L17: =[1]in!$M$1240 -> 0 | M17: =[1]in!$N$1240 -> 0 | N17: =[1]in!$P$1240 -> 0 | O17: =[1]in!$Q$1240 -> 0 | P17: =[1]in!$R$1240 -> 0 | Q17: =SUM(E17:P17) -> 656430 | R17: =SUM(E17:G17) -> 506250 | S17: =SUM(H17:J17) -> 150180 | T17: =SUM(K17:M17) -> 0 | U17: =SUM(N17:P17) -> 0 | V17: =SUM(E17:J17) -> 656430 | W17: =SUM(K17:P17) -> 0 | X17: =Q17/$Q$36 -> 0.060170709 | AK17: =SUM(Y17:AJ17) -> 0
B18: STC | C18: kg | E18: 46290 | F18: =[1]in!$E$1245 -> 34760 | G18: =[1]in!$F$1245 -> 25600 | H18: =[1]in!$H$1245 -> 61070 | I18: =[1]in!$I$1245 -> 0 | J18: =[1]in!$J$1245 -> 0 | K18: =[1]in!$L$1245 -> 0 | L18: =[1]in!$M$1245 -> 0 | M18: =[1]in!$N$1245 -> 0 | N18: =[1]in!$P$1245 -> 0 | O18: =[1]in!$Q$1245 -> 0 | P18: =[1]in!$R$1245 -> 0 | Q18: =SUM(E18:P18) -> 167720 | R18: =SUM(E18:G18) -> 106650 | S18: =SUM(H18:J18) -> 61070 | T18: =SUM(K18:M18) -> 0 | U18: =SUM(N18:P18) -> 0 | V18: =SUM(E18:J18) -> 167720 | W18: =SUM(K18:P18) -> 0 | X18: =Q18/$Q$36 -> 0.015373812 | AK18: =SUM(Y18:AJ18) -> 0
B19: TMFC | C19: kg | E19: 21220 | F19: =[1]in!$E$1246 -> 30024 | G19: =[1]in!$F$1246 -> 28936 | H19: =[1]in!$H$1246 -> 17828 | I19: =[1]in!$I$1246 -> 0 | J19: =[1]in!$J$1246 -> 0 | K19: =[1]in!$L$1246 -> 0 | L19: =[1]in!$M$1246 -> 0 | M19: =[1]in!$N$1246 -> 0 | N19: =[1]in!$P$1246 -> 0 | O19: =[1]in!$Q$1246 -> 0 | P19: =[1]in!$R$1246 -> 0 | Q19: =SUM(E19:P19) -> 98008 | R19: =SUM(E19:G19) -> 80180 | S19: =SUM(H19:J19) -> 17828 | T19: =SUM(K19:M19) -> 0 | U19: =SUM(N19:P19) -> 0 | V19: =SUM(E19:J19) -> 98008 | W19: =SUM(K19:P19) -> 0 | X19: =Q19/$Q$36 -> 0.0089837619 | AK19: =SUM(Y19:AJ19) -> 0
B20: RTC | C20: kg | E20: 0 | F20: =[1]in!$E$1252 -> 0 | G20: =[1]in!$F$1252 -> 0 | H20: =[1]in!$H$1252 -> 5000 | I20: =[1]in!$I$1252 -> 0 | J20: =[1]in!$J$1252 -> 0 | K20: =[1]in!$L$1252 -> 0 | L20: =[1]in!$M$1252 -> 0 | M20: =[1]in!$N$1252 -> 0 | N20: =[1]in!$P$1252 -> 0 | O20: =[1]in!$Q$1252 -> 0 | P20: =[1]in!$R$1252 -> 0 | Q20: =SUM(E20:P20) -> 5000 | R20: =SUM(E20:G20) -> 0 | S20: =SUM(H20:J20) -> 5000 | T20: =SUM(K20:M20) -> 0 | U20: =SUM(N20:P20) -> 0 | V20: =SUM(E20:J20) -> 5000 | W20: =SUM(K20:P20) -> 0 | X20: =Q20/$Q$36 -> 0.00045831778 | AK20: =SUM(Y20:AJ20) -> 0
A21: Abroad | B21: Chemtech | C21: kg | E21: 5124 | F21: =[1]in!$E$1230 -> 5236 | G21: =[1]in!$F$1230 -> 7830 | H21: =[1]in!$H$1230 -> 6572 | I21: =[1]in!$I$1230 -> 0 | J21: =[1]in!$J$1230 -> 0 | K21: =[1]in!$L$1230 -> 0 | L21: =[1]in!$M$1230 -> 0 | M21: =[1]in!$N$1230 -> 0 | N21: =[1]in!$P$1230 -> 0 | O21: =[1]in!$Q$1230 -> 0 | P21: =[1]in!$R$1230 -> 0 | Q21: =SUM(E21:P21) -> 24762 | R21: =SUM(E21:G21) -> 18190 | S21: =SUM(H21:J21) -> 6572 | T21: =SUM(K21:M21) -> 0 | U21: =SUM(N21:P21) -> 0 | V21: =SUM(E21:J21) -> 24762 | W21: =SUM(K21:P21) -> 0 | X21: =Q21/$Q$37 -> 0.002611243 | AK21: =SUM(Y21:AJ21) -> 0
B22: TPC Indo | C22: kg | E22: 12370 | F22: =[1]in!$E$1231 -> 2160 | G22: =[1]in!$F$1231 -> 0 | H22: =[1]in!$H$1231 -> 0 | I22: =[1]in!$I$1231 -> 0 | J22: =[1]in!$J$1231 -> 0 | K22: =[1]in!$L$1231 -> 0 | L22: =[1]in!$M$1231 -> 0 | M22: =[1]in!$N$1231 -> 0 | N22: =[1]in!$P$1231 -> 0 | O22: =[1]in!$Q$1231 -> 0 | P22: =[1]in!$R$1231 -> 0 | Q22: =SUM(E22:P22) -> 14530 | R22: =SUM(E22:G22) -> 14530 | S22: =SUM(H22:J22) -> 0 | T22: =SUM(K22:M22) -> 0 | U22: =SUM(N22:P22) -> 0 | V22: =SUM(E22:J22) -> 14530 | W22: =SUM(K22:P22) -> 0 | X22: =Q22/$Q$37 -> 0.0015322414 | AK22: =SUM(Y22:AJ22) -> 0
B23: TPC Vina | C23: kg | E23: 227410 | F23: =[1]in!$E$1233 -> 11800 | G23: =[1]in!$F$1233 -> 211950 | H23: =[1]in!$H$1233 -> 0 | I23: =[1]in!$I$1233 -> 0 | J23: =[1]in!$J$1233 -> 0 | K23: =[1]in!$L$1233 -> 0 | L23: =[1]in!$M$1233 -> 0 | M23: =[1]in!$N$1233 -> 0 | N23: =[1]in!$P$1233 -> 0 | O23: =[1]in!$Q$1233 -> 0 | P23: =[1]in!$R$1233 -> 0 | Q23: =SUM(E23:P23) -> 451160 | R23: =SUM(E23:G23) -> 451160 | S23: =SUM(H23:J23) -> 0 | T23: =SUM(K23:M23) -> 0 | U23: =SUM(N23:P23) -> 0 | V23: =SUM(E23:J23) -> 451160 | W23: =SUM(K23:P23) -> 0 | X23: =Q23/$Q$37 -> 0.047576464 | AK23: =SUM(Y23:AJ23) -> 0
B24: Viet-Thai | C24: kg | E24: 21270 | F24: =[1]in!$E$1234 -> 9900 | G24: =[1]in!$F$1234 -> 18520 | H24: =[1]in!$H$1234 -> 13100 | I24: =[1]in!$I$1234 -> 0 | J24: =[1]in!$J$1234 -> 0 | K24: =[1]in!$L$1234 -> 0 | L24: =[1]in!$M$1234 -> 0 | M24: =[1]in!$N$1234 -> 0 | N24: =[1]in!$P$1234 -> 0 | O24: =[1]in!$Q$1234 -> 0 | P24: =[1]in!$R$1234 -> 0 | Q24: =SUM(E24:P24) -> 62790 | R24: =SUM(E24:G24) -> 49690 | S24: =SUM(H24:J24) -> 13100 | T24: =SUM(K24:M24) -> 0 | U24: =SUM(N24:P24) -> 0 | V24: =SUM(E24:J24) -> 62790 | W24: =SUM(K24:P24) -> 0 | X24: =Q24/$Q$37 -> 0.0066214341 | AK24: =SUM(Y24:AJ24) -> 0
B25: BMP | C25: kg | E25: 88780 | F25: =[1]in!$E$1238 -> 54690 | G25: =[1]in!$F$1238 -> 37630 | H25: =[1]in!$H$1238 -> 0 | I25: =[1]in!$I$1238 -> 0 | J25: =[1]in!$J$1238 -> 0 | K25: =[1]in!$L$1238 -> 0 | L25: =[1]in!$M$1238 -> 0 | M25: =[1]in!$N$1238 -> 0 | N25: =[1]in!$P$1238 -> 0 | O25: =[1]in!$Q$1238 -> 0 | P25: =[1]in!$R$1238 -> 0 | Q25: =SUM(E25:P25) -> 181100 | R25: =SUM(E25:G25) -> 181100 | S25: =SUM(H25:J25) -> 0 | T25: =SUM(K25:M25) -> 0 | U25: =SUM(N25:P25) -> 0 | V25: =SUM(E25:J25) -> 181100 | W25: =SUM(K25:P25) -> 0 | X25: =Q25/$Q$37 -> 0.019097654 | AK25: =SUM(Y25:AJ25) -> 0
B26: NPIC | C26: kg | E26: 3223 | F26: =[1]in!$E$1243 -> 5156 | G26: =[1]in!$F$1243 -> 6236 | H26: =[1]in!$H$1243 -> 421 | I26: =[1]in!$I$1243 -> 0 | J26: =[1]in!$J$1243 -> 0 | K26: =[1]in!$L$1243 -> 0 | L26: =[1]in!$M$1243 -> 0 | M26: =[1]in!$N$1243 -> 0 | N26: =[1]in!$P$1243 -> 0 | O26: =[1]in!$Q$1243 -> 0 | P26: =[1]in!$R$1243 -> 0 | Q26: =SUM(E26:P26) -> 15036 | R26: =SUM(E26:G26) -> 14615 | S26: =SUM(H26:J26) -> 421 | T26: =SUM(K26:M26) -> 0 | U26: =SUM(N26:P26) -> 0 | V26: =SUM(E26:J26) -> 15036 | W26: =SUM(K26:P26) -> 0 | X26: =Q26/$Q$37 -> 0.0015856009 | AK26: =SUM(Y26:AJ26) -> 0
B27: NBM | C27: kg | E27: 6926 | F27: =[1]in!$E$1247 -> 1480 | G27: =[1]in!$F$1247 -> 1760 | H27: =[1]in!$H$1247 -> 1360 | I27: =[1]in!$I$1247 -> 0 | J27: =[1]in!$J$1247 -> 0 | K27: =[1]in!$L$1247 -> 0 | L27: =[1]in!$M$1247 -> 0 | M27: =[1]in!$N$1247 -> 0 | N27: =[1]in!$P$1247 -> 0 | O27: =[1]in!$Q$1247 -> 0 | P27: =[1]in!$R$1247 -> 0 | Q27: =SUM(E27:P27) -> 11526 | R27: =SUM(E27:G27) -> 10166 | S27: =SUM(H27:J27) -> 1360 | T27: =SUM(K27:M27) -> 0 | U27: =SUM(N27:P27) -> 0 | V27: =SUM(E27:J27) -> 11526 | W27: =SUM(K27:P27) -> 0 | X27: =Q27/$Q$37 -> 0.0012154587 | AK27: =SUM(Y27:AJ27) -> 0
B28: BNI | C28: kg | E28: 4130 | F28: =[1]in!$E$1248 -> 2626 | G28: =[1]in!$F$1248 -> 2208 | H28: =[1]in!$H$1248 -> 5495 | I28: =[1]in!$I$1248 -> 0 | J28: =[1]in!$J$1248 -> 0 | K28: =[1]in!$L$1248 -> 0 | L28: =[1]in!$M$1248 -> 0 | M28: =[1]in!$N$1248 -> 0 | N28: =[1]in!$P$1248 -> 0 | O28: =[1]in!$Q$1248 -> 0 | P28: =[1]in!$R$1248 -> 0 | Q28: =SUM(E28:P28) -> 14459 | R28: =SUM(E28:G28) -> 8964 | S28: =SUM(H28:J28) -> 5495 | T28: =SUM(K28:M28) -> 0 | U28: =SUM(N28:P28) -> 0 | V28: =SUM(E28:J28) -> 14459 | W28: =SUM(K28:P28) -> 0 | X28: =Q28/$Q$37 -> 0.0015247542 | AK28: =SUM(Y28:AJ28) -> 0
B29: Sirplaste | C29: kg | E29: 508460 | F29: =[1]in!$E$1254 -> 735340 | G29: =[1]in!$F$1254 -> 1071780 | H29: =[1]in!$H$1254 -> 1161850 | I29: =[1]in!$I$1254 -> 0 | J29: =[1]in!$J$1254 -> 0 | K29: =[1]in!$L$1254 -> 0 | L29: =[1]in!$M$1254 -> 0 | M29: =[1]in!$N$1254 -> 0 | N29: =[1]in!$P$1254 -> 0 | O29: =[1]in!$Q$1254 -> 0 | P29: =[1]in!$R$1254 -> 0 | Q29: =SUM(E29:P29) -> 3477430 | R29: =SUM(E29:G29) -> 2315580 | S29: =SUM(H29:J29) -> 1161850 | T29: =SUM(K29:M29) -> 0 | U29: =SUM(N29:P29) -> 0 | V29: =SUM(E29:J29) -> 3477430 | W29: =SUM(K29:P29) -> 0 | X29: =Q29/$Q$37 -> 0.36670765 | AK29: =SUM(Y29:AJ29) -> 0
B30: LSP - Up | C30: kg | E30: 49330 | F30: =[1]in!$E$1229 -> 34315 | G30: =[1]in!$F$1229 -> 65100 | H30: =[1]in!$H$1229 -> 0 | I30: =[1]in!$I$1229 -> 0 | J30: =[1]in!$J$1229 -> 0 | K30: =[1]in!$L$1229 -> 0 | L30: =[1]in!$M$1229 -> 0 | M30: =[1]in!$N$1229 -> 0 | N30: =[1]in!$P$1229 -> 0 | O30: =[1]in!$Q$1229 -> 0 | P30: =[1]in!$R$1229 -> 0 | Q30: =SUM(E30:P30) -> 148745 | R30: =SUM(E30:G30) -> 148745 | S30: =SUM(H30:J30) -> 0 | T30: =SUM(K30:M30) -> 0 | U30: =SUM(N30:P30) -> 0 | V30: =SUM(E30:J30) -> 148745 | W30: =SUM(K30:P30) -> 0 | AK30: =SUM(Y30:AJ30) -> 0
B31: LSP - Poly | C31: kg | E31: 0 | F31: =[1]in!$E$1237 -> 1985 | G31: =[1]in!$F$1237 -> 320 | H31: =[1]in!$H$1237 -> 0 | I31: =[1]in!$I$1237 -> 0 | J31: =[1]in!$J$1237 -> 0 | K31: =[1]in!$L$1237 -> 0 | L31: =[1]in!$M$1237 -> 0 | M31: =[1]in!$N$1237 -> 0 | N31: =[1]in!$P$1237 -> 0 | O31: =[1]in!$Q$1237 -> 0 | P31: =[1]in!$R$1237 -> 0 | Q31: =SUM(E31:P31) -> 2305 | R31: =SUM(E31:G31) -> 2305 | S31: =SUM(H31:J31) -> 0 | T31: =SUM(K31:M31) -> 0 | U31: =SUM(N31:P31) -> 0 | V31: =SUM(E31:J31) -> 2305 | W31: =SUM(K31:P31) -> 0 | AK31: =SUM(Y31:AJ31) -> 0
B32: LSP Complex | C32: kg | E32: =SUM(E30:E31) -> 49330 | F32: =SUM(F30:F31) -> 36300 | G32: =SUM(G30:G31) -> 65420 | H32: =SUM(H30:H31) -> 0 | I32: =SUM(I30:I31) -> 0 | J32: =SUM(J30:J31) -> 0 | K32: =SUM(K30:K31) -> 0 | L32: =SUM(L30:L31) -> 0 | ... P32: =SUM(P30:P31) -> 0 | Q32: =SUM(E32:P32) -> 151050 | R32: =SUM(E32:G32) -> 151050 | S32: =SUM(H32:J32) -> 0 | T32: =SUM(K32:M32) -> 0 | U32: =SUM(N32:P32) -> 0 | V32: =SUM(E32:J32) -> 151050 | W32: =SUM(K32:P32) -> 0
B33: GNM | C33: kg | E33: 13250 | F33: =[1]in!$E$1239 -> 3210 | G33: =[1]in!$F$1239 -> 4320 | H33: =[1]in!$H$1239 -> 2350 | I33: =[1]in!$I$1239 -> 0 | J33: =[1]in!$J$1239 -> 0 | K33: =[1]in!$L$1239 -> 0 | L33: =[1]in!$M$1239 -> 0 | M33: =[1]in!$N$1239 -> 0 | N33: =[1]in!$P$1239 -> 0 | O33: =[1]in!$Q$1239 -> 0 | P33: =[1]in!$R$1239 -> 0 | Q33: =SUM(E33:P33) -> 23130 | R33: =SUM(E33:G33) -> 20780 | S33: =SUM(H33:J33) -> 2350 | T33: =SUM(K33:M33) -> 0 | U33: =SUM(N33:P33) -> 0 | V33: =SUM(E33:J33) -> 23130 | W33: =SUM(K33:P33) -> 0 | AK33: =SUM(Y33:AJ33) -> 0
B34: NPI Group | C34: kg | E34: =SUM(E8:E9,E25:E28,E33) -> 272449 | F34: =SUM(F8:F9,F25:F28,F33) -> 243647 | G34: =SUM(G8:G9,G25:G28,G33) -> 209868 | H34: =SUM(H8:H9,H25:H28,H33) -> 154045 | I34: =SUM(I8:I9,I25:I28,I33) -> 0 | J34: =SUM(J8:J9,J25:J28,J33) -> 0 | K34: =SUM(K8:K9,K25:K28,K33) -> 0 | L34: =SUM(L8:L9,L25:L28,L33) -> 0 | ... P34: =SUM(P8:P9,P25:P28,P33) -> 0 | Q34: =SUM(E34:P34) -> 880009 | R34: =SUM(E34:G34) -> 725964 | S34: =SUM(H34:J34) -> 154045 | T34: =SUM(K34:M34) -> 0 | U34: =SUM(N34:P34) -> 0 | V34: =SUM(E34:J34) -> 880009 | W34: =SUM(K34:P34) -> 0
A36: Total SCGC | C36: kg | E36: =SUM(E5:E29,E32:E33) -> 2580705 | F36: =SUM(F5:F29,F32:F33) -> 2325746 | G36: =SUM(G5:G29,G32:G33) -> 3096139 | H36: =SUM(H5:H29,H32:H33) -> 2753711 | I36: =SUM(I5:I29,I32:I33) -> 2110 | J36: =SUM(J5:J29,J32:J33) -> 0 | K36: =SUM(K5:K29,K32:K33) -> 0 | L36: =SUM(L5:L29,L32:L33) -> 0 | ... P36: =SUM(P5:P29,P32:P33) -> 0 | Q36: =SUM(Q5:Q33) -> 10909461 | R36: =SUM(R5:R33) -> 8153640 | S36: =SUM(S5:S33) -> 2712421 | T36: =SUM(T5:T33) -> 0 | U36: =SUM(U5:U33) -> 0 | V36: =SUM(V5:V33) -> 10909461 | W36: =SUM(W5:W33) -> 0 | Y36: =SUM(Y5:Y33) -> 0 | Z36: =SUM(Z5:Z33) -> 0 | AA36: =SUM(AA5:AA33) -> 0 | AB36: =SUM(AB5:AB33) -> 0 | AC36: =SUM(AC5:AC33) -> 0 | AD36: =SUM(AD5:AD33) -> 0 | AE36: =SUM(AE5:AE33) -> 0 | AF36: =SUM(AF5:AF33) -> 0 | ... AK36: =SUM(AK5:AK33) -> 0
A37: Total SCGC (Sub only) | C37: kg | E37: =SUM(E5:E15,E21:E29,E32:E33) -> 2305075 | F37: =SUM(F5:F15,F21:F29,F32:F33) -> 2039652 | G37: =SUM(G5:G15,G21:G29,G32:G33) -> 2654391 | H37: =SUM(H5:H15,H21:H29,H32:H33) -> 2481612 | I37: =SUM(I5:I15,I21:I29,I32:I33) -> 2110 | J37: =SUM(J5:J15,J21:J29,J32:J33) -> 0 | K37: =SUM(K5:K15,K21:K29,K32:K33) -> 0 | L37: =SUM(L5:L15,L21:L29,L32:L33) -> 0 | ... W37: =SUM(W5:W15,W21:W29,W32:W33) -> 0 | Y37: =SUM(Y5:Y15,Y21:Y33) -> 0 | Z37: =SUM(Z5:Z15,Z21:Z33) -> 0 | AA37: =SUM(AA5:AA15,AA21:AA33) -> 0 | AB37: =SUM(AB5:AB15,AB21:AB33) -> 0 | AC37: =SUM(AC5:AC15,AC21:AC33) -> 0 | AD37: =SUM(AD5:AD15,AD21:AD33) -> 0 | AE37: =SUM(AE5:AE15,AE21:AE33) -> 0 | AF37: =SUM(AF5:AF15,AF21:AF33) -> 0 | ... AK37: =SUM(AK5:AK15,AK21:AK33) -> 0
Y38: =SUM(Y16:Y20) -> 0 | Z38: =SUM(Z16:Z20) -> 0 | AA38: =SUM(AA16:AA20) -> 0 | AB38: =SUM(AB16:AB20) -> 0 | AC38: =SUM(AC16:AC20) -> 0 | AD38: =SUM(AD16:AD20) -> 0 | AE38: =SUM(AE16:AE20) -> 0 | AF38: =SUM(AF16:AF20) -> 0 | ... AK38: =SUM(AK16:AK20) -> 0
A40: Thailand (Sub) | C40: kg | E40: =SUM(E5:E15) -> 1364802 | F40: =SUM(F5:F15) -> 1171754 | G40: =SUM(G5:G15) -> 1226737 | H40: =SUM(H5:H15) -> 1290464 | I40: =SUM(I5:I15) -> 2110 | J40: =SUM(J5:J15) -> 0 | K40: =SUM(K5:K15) -> 0 | L40: =SUM(L5:L15) -> 0 | ... Q40: =SUM(Q5:Q15) -> 5055867 | R40: =Q30+Q31 -> 151050
A41: Abroad (Sub) | C41: kg | E41: =SUM(E21:E29,E32:E33) -> 940273 | F41: =SUM(F21:F29,F32:F33) -> 867898 | G41: =SUM(G21:G29,G32:G33) -> 1427654 | H41: =SUM(H21:H29,H32:H33) -> 1191148 | I41: =SUM(I21:I29,I32:I33) -> 0 | J41: =SUM(J21:J29,J32:J33) -> 0 | K41: =SUM(K21:K29,K32:K33) -> 0 | L41: =SUM(L21:L29,L32:L33) -> 0 | ... Q41: =SUM(Q21:Q29,Q32:Q33) -> 4426973
AH43: Normal Waste | AK43: =Q36-AK36 -> 10909461
A44: Non-hz Waste Generated intensity | AH44: Specifice Normal Waste
B45: Company | C45: Unit | D45: Target | E45: 46023 | F45: 46054 | G45: 46082 | H45: 46113 | I45: 46143 | J45: 46174 | K45: 46204 | L45: 46235 | M45: 46266 | N45: 46296 | O45: 46327 | P45: 46357 | Q45: YTD | R45: Q1 | S45: Q2 | T45: Q3 | U45: Q4 | V45: H1 | W45: H2
A46: Domestic | B46: MOC | C46: kg/ton | D46: 1.44 | E46: =E3/Production!E3 -> 0.62398063 | F46: =F3/Production!F3 -> 0.64903611 | G46: =G3/Production!G3 -> 0.87442798 | H46: =H3/Production!H3 -> 0.82099101 | I46: =I3/Production!I3 -> #DIV/0! | J46: =J3/Production!J3 -> #DIV/0! | K46: =K3/Production!K3 -> #DIV/0! | L46: =L3/Production!L3 -> #DIV/0! | ... Q46: =Q3/Production!Q3 -> 0.74521492 | AH46: Normal Target
B47: ROC | C47: kg/ton | D47: 1.13 | E47: =E4/Production!E4 -> 0.96841105 | F47: =F4/Production!F4 -> 0.95933105 | G47: =G4/Production!G4 -> 2.2901301 | H47: =H4/Production!H4 -> 8.4016568 | I47: =I4/Production!I4 -> #DIV/0! | J47: =J4/Production!J4 -> #DIV/0! | K47: =K4/Production!K4 -> #DIV/0! | L47: =L4/Production!L4 -> #DIV/0! | ... Q47: =Q4/Production!Q4 -> 1.2858092
B48: Olefins | C48: kg/ton | D48: 0.99 | E48: =E5/Production!E5 -> 0.76291557 | F48: =F5/Production!F5 -> 0.77440139 | G48: =G5/Production!G5 -> 1.134618 | H48: =H5/Production!H5 -> 1.0105278 | I48: =I5/Production!I5 -> #DIV/0! | J48: =J5/Production!J5 -> #DIV/0! | K48: =K5/Production!K5 -> #DIV/0! | L48: =L5/Production!L5 -> #DIV/0! | ... Q48: =Q5/Production!Q5 -> 0.89759396 | AH48: Sub Normal | AK48: =Q37-AK37 -> 9482840
B49: TPC RY | C49: kg/ton | D49: 3.08 | E49: =E6/Production!E6 -> 1.5617795 | F49: =F6/Production!F6 -> 2.289791 | G49: =G6/Production!G6 -> 1.3352546 | H49: =H6/Production!H6 -> 4.0814265 | I49: =I6/Production!I6 -> #DIV/0! | J49: =J6/Production!J6 -> #DIV/0! | K49: =K6/Production!K6 -> #DIV/0! | L49: =L6/Production!L6 -> #DIV/0! | ... Q49: =Q6/Production!Q6 -> 2.2417975
B50: TPE | C50: kg/ton | D50: 3.485 | E50: =E7/Production!E7 -> 4.6715696 | F50: =F7/Production!F7 -> 2.581615 | G50: =G7/Production!G7 -> 4.0270973 | H50: =H7/Production!H7 -> 3.213594 | I50: =I7/Production!I7 -> #DIV/0! | J50: =J7/Production!J7 -> #DIV/0! | K50: =K7/Production!K7 -> #DIV/0! | L50: =L7/Production!L7 -> #DIV/0! | ... Q50: =Q7/Production!Q7 -> 3.6288863
B51: NPI RY | C51: kg/ton | D51: 21.254 | E51: =(E8+E10)/Production!E8 -> 20.554842 | F51: =(F8+F10)/Production!F8 -> 27.105908 | G51: =(G8+G10)/Production!G8 -> 15.875485 | H51: =(H8+H10)/Production!H8 -> 18.827595 | I51: =(I8+I10)/Production!I8 -> #DIV/0! | J51: =(J8+J10)/Production!J8 -> #DIV/0! | K51: =(K8+K10)/Production!K8 -> #DIV/0! | L51: =(L8+L10)/Production!L8 -> #DIV/0! | ... Q51: =(Q8+Q10)/Production!Q8 -> 20.417349
B52: NPI SB | C52: kg/ton | D52: 10.02 | E52: =E9/Production!E9 -> 9.541358 | F52: =F9/Production!F9 -> 9.9230299 | G52: =G9/Production!G9 -> 8.3962369 | H52: =H9/Production!H9 -> 9.8825602 | I52: =I9/Production!I9 -> #DIV/0! | J52: =J9/Production!J9 -> #DIV/0! | K52: =K9/Production!K9 -> #DIV/0! | L52: =L9/Production!L9 -> #DIV/0! | ... Q52: =Q9/Production!Q9 -> 9.3883455
